unit,isced11,age,sex,geo\time	2007 	2008 	2009 	2010 	2011 	2012 	2013 	2014 	2015 	2016 	2017 	2018 
PC,ED5-8,Y25-64,F,AT11	10.1 	11.8 	12.7 	12.6 	12.3 	12.1 	14.4 	24.8 b	26.7 	27.1 	28.3 	28.4 
PC,ED5-8,Y25-64,F,AT12	12.9 	13.5 	15.2 	14.9 	14.3 	14.5 	15.5 	27.7 b	28.1 	28.7 	31.1 	30.3 
PC,ED5-8,Y25-64,F,AT13	20.5 	23.6 	26.2 	26.7 	26.4 	28.5 	30.7 	40.3 b	39.3 	41.2 	43.6 	43.4 
PC,ED5-8,Y25-64,F,AT21	13.1 	14.3 	15.1 	14.0 	13.9 	15.5 	17.0 	29.5 b	28.2 	28.3 	30.2 	30.6 
PC,ED5-8,Y25-64,F,AT22	13.0 	13.2 	14.3 	14.7 	15.1 	15.7 	15.5 	24.5 b	24.4 	27.0 	27.8 	27.8 
PC,ED5-8,Y25-64,F,AT31	13.2 	12.9 	12.7 	14.8 	13.9 	13.3 	14.0 	23.1 b	25.5 	27.4 	26.7 	26.0 
PC,ED5-8,Y25-64,F,AT32	15.6 	14.3 	15.5 	17.1 	17.9 	17.3 	19.4 	27.9 b	29.3 	29.0 	28.1 	31.6 
PC,ED5-8,Y25-64,F,AT33	12.4 	12.7 	13.8 	14.5 	16.1 	17.9 	17.2 	23.8 b	24.6 	26.4 	28.2 	28.2 
PC,ED5-8,Y25-64,F,AT34	12.0 	12.6 	13.2 	11.6 	12.0 	13.7 	14.5 	21.4 b	24.2 	25.6 	26.5 	25.3 
PC,ED5-8,Y25-64,F,BE10	41.2 	41.5 b	42.9 	43.1 	43.6 	44.7 	43.4 	45.0 b	44.7 	46.3 	47.7 b	49.1 
PC,ED5-8,Y25-64,F,BE21	31.8 	33.7 b	33.9 	36.5 	35.1 	37.5 	38.1 	40.9 b	40.4 	37.7 	40.6 b	43.3 
PC,ED5-8,Y25-64,F,BE22	29.9 	30.2 b	30.8 	32.1 	32.1 	32.9 	31.7 	35.6 b	36.6 	36.5 	39.0 b	40.7 
PC,ED5-8,Y25-64,F,BE23	33.3 	33.0 b	34.8 	37.8 	37.5 	37.6 	40.4 	39.1 b	41.4 	43.6 	46.9 b	46.8 
PC,ED5-8,Y25-64,F,BE24	42.5 	42.8 b	47.3 	46.5 	44.3 	46.3 	47.1 	49.1 b	47.2 	50.9 	53.5 b	52.5 
PC,ED5-8,Y25-64,F,BE25	30.3 	31.2 b	30.5 	31.7 	33.3 	34.5 	35.3 	36.1 b	36.2 	39.4 	42.0 b	42.2 
PC,ED5-8,Y25-64,F,BE31	49.4 	46.9 b	50.1 	50.9 	57.7 	53.4 	54.8 	55.2 b	58.9 	55.0 	61.9 b	63.9 
PC,ED5-8,Y25-64,F,BE32	26.3 	25.9 b	26.5 	30.5 	28.7 	30.2 	30.6 	31.2 b	31.2 	32.6 	34.7 b	35.1 
PC,ED5-8,Y25-64,F,BE33	31.9 	31.5 b	32.9 	34.2 	34.9 	34.3 	34.6 	36.0 b	36.0 	37.2 	39.6 b	38.4 
PC,ED5-8,Y25-64,F,BE34	32.0 	34.0 b	36.3 	35.1 	32.8 	38.3 	35.7 	39.9 b	41.2 	39.2 	40.7 b	42.7 
PC,ED5-8,Y25-64,F,BE35	32.7 	31.4 b	34.2 	35.6 	36.6 	38.5 	36.1 	40.9 b	39.9 	38.2 	44.7 b	43.9 
PC,ED5-8,Y25-64,F,BG31	21.6 	21.3 	21.7 	23.3 b	22.8 	23.7 	24.6 	26.4 b	27.7 	25.0 	25.8 	26.7 
PC,ED5-8,Y25-64,F,BG32	23.6 	23.9 	24.1 	24.1 b	24.3 	24.6 	26.6 	27.6 b	28.7 	29.9 	28.1 	31.7 
PC,ED5-8,Y25-64,F,BG33	25.0 	25.4 	27.1 	27.4 b	28.1 	28.0 	30.4 	33.2 b	32.4 	32.2 	34.0 	31.3 
PC,ED5-8,Y25-64,F,BG34	21.3 	21.0 	20.5 	21.3 b	23.8 	24.3 	25.4 	26.1 b	26.1 	26.7 	27.1 	27.1 
PC,ED5-8,Y25-64,F,BG41	38.2 	38.7 	38.7 	39.7 b	38.7 	39.3 	42.0 	44.5 b	46.1 	47.0 	45.8 	45.7 
PC,ED5-8,Y25-64,F,BG42	21.1 	21.5 	22.5 	24.1 b	23.7 	23.7 	25.7 	26.9 b	26.8 	26.3 	27.8 	28.7 
PC,ED5-8,Y25-64,F,CH01	30.3 	32.0 	32.9 	33.7 b	34.5 	34.7 	35.8 	37.0 b	37.3 	38.1 	41.0 	42.8 
PC,ED5-8,Y25-64,F,CH02	21.3 	23.6 	23.9 	24.9 b	25.5 	27.0 	29.2 	30.3 b	32.5 	32.7 	33.0 	34.5 
PC,ED5-8,Y25-64,F,CH03	20.7 	24.8 	27.0 	27.8 b	27.1 	28.9 	31.9 	34.3 b	36.3 	36.2 	38.1 	40.0 
PC,ED5-8,Y25-64,F,CH04	28.2 	30.5 	32.8 	32.4 b	34.3 	36.2 	39.2 	40.4 b	44.0 	46.7 	47.6 	49.2 
PC,ED5-8,Y25-64,F,CH05	16.4 	18.4 	20.1 	20.6 b	20.2 	20.6 	23.4 	25.1 b	27.5 	28.6 	29.6 	32.0 
PC,ED5-8,Y25-64,F,CH06	18.6 	22.1 	25.0 	24.0 b	23.9 	25.5 	28.0 	29.7 b	31.3 	35.3 	36.7 	38.1 
PC,ED5-8,Y25-64,F,CH07	21.7 	24.0 	24.7 	23.6 b	25.1 	26.4 	28.8 	30.5 b	33.5 	32.6 	35.7 	39.5 
PC,ED5-8,Y25-64,F,CY00	33.6 	35.1 	34.7 b	36.6 	40.3 	40.9 	41.0 	43.0 b	43.4 	45.7 	46.3 	48.4 
PC,ED5-8,Y25-64,F,CZ01	25.4 	29.6 	29.5 	33.1 	35.6 b	36.7 	37.4 	40.3 b	40.6 	42.5 	45.2 	46.7 
PC,ED5-8,Y25-64,F,CZ02	10.5 	12.3 	13.6 	15.4 	16.5 b	19.2 	20.7 	21.9 b	22.3 	22.7 	22.3 	25.1 
PC,ED5-8,Y25-64,F,CZ03	11.8 	12.2 	13.2 	13.8 	15.0 b	17.7 	20.0 	19.4 b	20.6 	21.3 	22.2 	22.9 
PC,ED5-8,Y25-64,F,CZ04	6.9 	6.7 	7.4 	8.9 	11.3 b	13.1 	13.3 	14.6 b	14.0 	15.2 	16.4 	16.2 
PC,ED5-8,Y25-64,F,CZ05	9.7 	10.8 	13.2 	13.9 	14.9 b	14.9 	16.9 	19.5 b	20.3 	19.5 	21.9 	21.9 
PC,ED5-8,Y25-64,F,CZ06	13.2 	13.6 	15.1 	15.7 	18.4 b	20.6 	23.1 	24.3 b	26.2 	26.9 	27.0 	27.6 
PC,ED5-8,Y25-64,F,CZ07	12.1 	12.6 	12.1 	13.1 	15.9 b	17.0 	17.1 	19.8 b	20.3 	20.0 	22.4 	22.1 
PC,ED5-8,Y25-64,F,CZ08	11.0 	11.6 	13.8 	15.2 	15.6 b	16.2 	17.7 	17.2 b	20.7 	21.8 	24.1 	23.5 
PC,ED5-8,Y25-64,F,DE11	19.8 	20.6 	23.8 	23.5 b	24.8 	26.3 	27.0 	24.3 b	26.7 	27.2 	26.9 	27.4 
PC,ED5-8,Y25-64,F,DE12	20.8 	21.1 	23.5 	24.0 b	26.0 	26.9 	27.0 	24.2 b	26.2 	26.5 	26.6 	26.4 
PC,ED5-8,Y25-64,F,DE13	19.4 	20.0 	21.4 	20.9 b	23.1 	24.6 	25.0 	22.0 b	22.7 	25.0 	24.4 	25.5 
PC,ED5-8,Y25-64,F,DE14	19.5 	21.1 	23.3 	22.7 b	25.4 	26.7 	27.8 	23.7 b	25.0 	24.7 	25.2 	25.0 
PC,ED5-8,Y25-64,F,DE21	25.8 	27.0 	28.4 	29.1 b	31.1 	32.4 	33.3 	32.5 b	32.5 	33.7 	35.4 	35.9 
PC,ED5-8,Y25-64,F,DE22	14.7 	14.9 	15.5 	16.2 b	17.5 	18.3 	18.9 	15.3 b	15.8 	16.1 	17.1 	17.0 
PC,ED5-8,Y25-64,F,DE23	14.5 	15.5 	15.9 	16.8 b	19.2 	21.5 	22.2 	19.4 b	18.7 	20.2 	19.3 	20.2 
PC,ED5-8,Y25-64,F,DE24	15.7 	17.5 	19.9 	19.0 b	21.6 	22.3 	22.1 	17.9 b	17.9 	18.8 	20.6 	20.6 
PC,ED5-8,Y25-64,F,DE25	19.6 	21.1 	21.6 	22.5 b	23.3 	25.1 	24.8 	22.7 b	24.0 	24.1 	25.5 	26.2 
PC,ED5-8,Y25-64,F,DE26	18.3 	19.3 	20.9 	22.9 b	22.8 	24.1 	25.1 	19.8 b	20.7 	21.4 	22.7 	22.8 
PC,ED5-8,Y25-64,F,DE27	14.8 	16.1 	18.1 	18.6 b	21.6 	20.0 	21.5 	19.5 b	20.1 	19.4 	19.9 	22.1 
PC,ED5-8,Y25-64,F,DE30	34.3 	34.1 	36.7 	36.9 b	38.2 	39.1 	38.5 	37.4 b	38.0 	39.8 	42.1 	43.7 
PC,ED5-8,Y25-64,F,DE40	31.1 	31.6 	32.4 	31.7 b	32.1 	31.4 	32.4 	28.5 b	28.7 	28.7 	28.0 	29.3 
PC,ED5-8,Y25-64,F,DE50	20.6 	22.6 	22.9 	24.3 b	27.3 	26.3 	26.4 	26.3 b	25.7 	26.6 	27.3 	28.6 
PC,ED5-8,Y25-64,F,DE60	25.4 	26.5 	27.9 	29.0 b	31.6 	30.8 	31.8 	33.9 b	35.0 	36.1 	35.5 	36.6 
PC,ED5-8,Y25-64,F,DE71	22.2 	23.6 	24.8 	26.2 b	26.6 	28.2 	29.3 	27.6 b	28.6 	29.8 	30.8 	30.8 
PC,ED5-8,Y25-64,F,DE72	20.6 	20.5 	20.6 	21.7 b	22.8 	25.0 	25.0 	20.4 b	22.7 	22.7 	25.0 	24.2 
PC,ED5-8,Y25-64,F,DE73	16.5 	17.1 	17.8 	18.6 b	20.3 	21.2 	21.8 	18.0 b	18.0 	20.1 	21.5 	21.2 
PC,ED5-8,Y25-64,F,DE80	25.9 	27.8 	27.7 	28.5 b	29.9 	29.2 	29.8 	25.8 b	26.3 	27.2 	27.8 	27.3 
PC,ED5-8,Y25-64,F,DE91	17.1 	17.1 	17.3 	17.8 b	19.9 	21.1 	21.2 	20.5 b	22.0 	20.4 	23.0 	24.4 
PC,ED5-8,Y25-64,F,DE92	17.1 	18.5 	20.2 	21.9 b	23.2 	24.2 	24.8 	21.9 b	22.4 	22.1 	23.2 	24.5 
PC,ED5-8,Y25-64,F,DE93	13.2 	15.0 	15.6 	17.1 b	18.9 	18.3 	19.5 	17.9 b	19.1 	19.3 	20.1 	20.6 
PC,ED5-8,Y25-64,F,DE94	13.5 	14.8 	16.4 	16.6 b	18.1 	19.3 	19.6 	17.3 b	17.1 	16.8 	17.4 	18.8 
PC,ED5-8,Y25-64,F,DEA1	16.3 	17.9 	19.0 	19.1 b	20.5 	21.5 	21.7 	20.1 b	21.0 	23.0 	22.9 	23.2 
PC,ED5-8,Y25-64,F,DEA2	21.3 	22.1 	22.9 	23.3 b	24.5 	26.0 	26.5 	25.1 b	25.4 	27.7 	27.4 	28.3 
PC,ED5-8,Y25-64,F,DEA3	14.9 	16.1 	16.3 	16.6 b	19.2 	19.6 	22.0 	18.1 b	20.1 	20.6 	20.1 	21.0 
PC,ED5-8,Y25-64,F,DEA4	14.4 	16.1 	16.8 	16.5 b	18.5 	20.3 	21.3 	17.8 b	19.0 	19.2 	19.3 	20.5 
PC,ED5-8,Y25-64,F,DEA5	13.4 	14.6 	16.1 	15.7 b	17.8 	18.6 	19.0 	16.6 b	17.8 	19.1 	19.3 	19.3 
PC,ED5-8,Y25-64,F,DEB1	13.5 	13.4 	15.3 	16.2 b	18.1 	19.4 	18.4 	16.1 b	16.7 	18.5 	19.5 	21.1 
PC,ED5-8,Y25-64,F,DEB2	16.4 	19.0 	21.9 	20.1 b	22.8 	24.3 	24.3 	20.6 b	20.3 	22.1 	23.1 	23.8 
PC,ED5-8,Y25-64,F,DEB3	18.4 	19.8 	20.0 	20.4 b	22.5 	23.4 	24.1 	21.7 b	22.7 	24.0 	23.2 	24.9 
PC,ED5-8,Y25-64,F,DEC0	12.8 	14.7 	15.4 	16.0 b	17.5 	18.7 	18.2 	14.5 b	15.7 	18.0 	18.7 	20.9 
PC,ED5-8,Y25-64,F,DED2	35.6 	36.0 	37.4 	36.6 b	37.3 	37.3 	38.0 	31.1 b	31.0 	31.2 	31.6 	32.0 
PC,ED5-8,Y25-64,F,DED4	32.5 	33.9 	33.1 	32.1 b	31.6 	30.1 	33.1 	24.0 b	24.9 	24.5 	24.5 	25.0 
PC,ED5-8,Y25-64,F,DED5	39.0 	39.1 	39.9 	40.1 b	38.6 	38.7 	40.7 	31.4 b	31.7 	32.4 	33.3 	33.9 
PC,ED5-8,Y25-64,F,DEE0	25.0 	26.2 	26.5 	26.9 b	27.9 	28.4 	28.7 	24.9 b	24.7 	24.4 	24.3 	23.6 
PC,ED5-8,Y25-64,F,DEF0	15.8 	17.8 	19.7 	19.7 b	21.5 	22.8 	22.7 	20.2 b	20.5 	20.4 	21.0 	21.9 
PC,ED5-8,Y25-64,F,DEG0	28.3 	29.9 	30.2 	30.4 b	32.9 	33.5 	33.7 	28.4 b	28.7 	28.1 	28.2 	30.1 
PC,ED5-8,Y25-64,F,DK01	43.7 b	44.6 	45.8 	46.7 	48.9 	50.2 	51.3 	52.0 b	52.8 	53.8 b	55.7 b	56.9 
PC,ED5-8,Y25-64,F,DK02	29.6 b	29.0 	31.0 	30.4 	31.6 	32.8 	34.3 	35.6 b	36.3 	33.8 b	37.9 b	37.6 
PC,ED5-8,Y25-64,F,DK03	27.2 b	26.6 	28.1 	29.6 	31.4 	34.7 	34.2 	34.2 b	36.2 	35.6 b	37.4 b	37.9 
PC,ED5-8,Y25-64,F,DK04	32.0 b	32.2 	34.3 	34.9 	34.5 	36.5 	39.4 	38.6 b	40.7 	41.6 b	42.4 b	43.4 
PC,ED5-8,Y25-64,F,DK05	25.3 b	27.3 	31.8 	31.0 	33.0 	36.1 	33.2 	31.9 b	34.9 	34.8 b	36.6 b	37.9 
PC,ED5-8,Y25-64,F,EE00	39.9 	41.6 	45.0 	43.8 	45.2 	45.9 	46.0 	46.2 b	47.5 	48.1 	49.3 	51.3 
PC,ED5-8,Y25-64,F,EL30	25.1 	26.8 	28.0 b	29.2 	31.2 	33.0 	34.5 	35.6 b	37.1 	38.9 	39.5 	39.5 
PC,ED5-8,Y25-64,F,EL41	16.0 	15.7 	16.1 b	16.2 	20.1 	20.5 	23.4 	24.6 b	24.4 	25.5 	25.7 	27.6 
PC,ED5-8,Y25-64,F,EL42	10.6 	12.1 	11.5 b	12.2 	13.6 	16.4 	18.2 	19.8 b	20.3 	18.7 	19.7 	19.3 
PC,ED5-8,Y25-64,F,EL43	20.8 	21.7 	20.5 b	20.4 	20.9 	21.8 	22.7 	23.6 b	25.3 	29.8 	30.4 	28.0 
PC,ED5-8,Y25-64,F,EL51	16.1 	17.3 	19.4 b	18.6 	17.7 	19.2 	19.9 	21.5 b	22.9 	25.8 	25.4 	26.3 
PC,ED5-8,Y25-64,F,EL52	23.4 	23.7 	24.1 b	26.9 	28.0 	28.3 	27.9 	28.5 b	30.8 	33.8 	34.1 	33.7 
PC,ED5-8,Y25-64,F,EL53	16.9 	18.5 	19.7 b	21.2 	22.7 	20.4 	20.4 	22.3 b	23.0 	23.9 	28.4 	30.1 
PC,ED5-8,Y25-64,F,EL54	20.0 	21.2 	20.5 b	22.4 	24.2 	23.5 	26.1 	25.4 b	27.0 	29.9 	32.7 	37.7 
PC,ED5-8,Y25-64,F,EL61	21.2 	23.3 	23.8 b	23.9 	23.9 	23.7 	25.9 	27.5 b	28.0 	27.5 	29.7 	34.9 
PC,ED5-8,Y25-64,F,EL62	12.4 	12.6 	11.3 b	14.3 	18.0 	13.9 	16.3 	18.3 b	21.7 	22.6 	21.1 	24.7 
PC,ED5-8,Y25-64,F,EL63	18.4 	18.5 	19.3 b	20.4 	21.4 	22.3 	21.9 	22.4 b	24.4 	25.4 	25.6 	24.3 
PC,ED5-8,Y25-64,F,EL64	13.5 	14.4 	14.7 b	15.5 	16.6 	15.9 	18.8 	19.2 b	21.7 	23.4 	25.1 	25.3 
PC,ED5-8,Y25-64,F,EL65	15.3 	16.7 	15.1 b	15.1 	17.8 	19.1 	19.2 	19.5 b	21.3 	21.7 	23.4 	24.2 
PC,ED5-8,Y25-64,F,ES11	30.1 	30.9 	31.7 	32.1 	32.5 	33.1 	34.7 	36.3 b	38.1 	39.3 	40.1 	40.4 
PC,ED5-8,Y25-64,F,ES12	28.9 	31.4 	32.2 	32.7 	35.6 	37.0 	38.4 	40.2 b	42.0 	43.6 	43.2 	45.2 
PC,ED5-8,Y25-64,F,ES13	33.0 	33.9 	34.7 	36.3 	35.8 	36.6 	38.5 	39.7 b	40.1 	42.9 	42.8 	44.4 
PC,ED5-8,Y25-64,F,ES21	40.4 	39.8 	42.8 	43.2 	43.2 	45.6 	47.5 	47.7 b	48.8 	50.1 	51.3 	51.0 
PC,ED5-8,Y25-64,F,ES22	38.4 	36.7 	38.9 	42.0 	42.0 	43.4 	41.9 	44.3 b	44.2 	47.1 	48.7 	50.0 
PC,ED5-8,Y25-64,F,ES23	31.3 	32.3 	37.2 	37.0 	35.1 	37.5 	36.8 	39.0 b	41.8 	41.5 	40.4 	41.3 
PC,ED5-8,Y25-64,F,ES24	33.8 	32.3 	32.4 	33.6 	35.3 	36.6 	37.6 	38.6 b	38.2 	39.1 	38.6 	40.9 
PC,ED5-8,Y25-64,F,ES30	38.7 	38.3 	38.8 	42.0 	43.8 	45.0 	46.0 	47.0 b	48.5 	48.2 	48.4 	48.1 
PC,ED5-8,Y25-64,F,ES41	32.5 	33.6 	34.2 	34.5 	36.3 	37.2 	36.6 	38.3 b	39.0 	39.1 	40.1 	40.7 
PC,ED5-8,Y25-64,F,ES42	23.4 	23.5 	25.7 	26.1 	26.2 	26.5 	28.3 	29.5 b	29.4 	30.4 	30.9 	31.3 
PC,ED5-8,Y25-64,F,ES43	24.4 	23.0 	24.2 	25.9 	27.0 	27.1 	27.4 	29.1 b	29.4 	28.7 	28.9 	30.7 
PC,ED5-8,Y25-64,F,ES51	30.1 	30.7 	31.7 	33.2 	34.2 	35.3 	37.7 	39.4 b	40.6 	41.9 	42.1 	43.3 
PC,ED5-8,Y25-64,F,ES52	27.2 	27.8 	27.9 	29.9 	31.6 	31.7 	31.7 	33.0 b	34.8 	35.3 	36.3 	39.5 
PC,ED5-8,Y25-64,F,ES53	22.9 	23.4 	25.1 	24.8 	26.6 	26.7 	28.7 	31.4 b	30.7 	32.0 	33.3 	33.7 
PC,ED5-8,Y25-64,F,ES61	24.7 	25.1 	26.1 	27.2 	26.9 	27.3 	28.7 	29.5 b	30.3 	31.4 	32.0 	32.5 
PC,ED5-8,Y25-64,F,ES62	23.6 	24.8 	24.4 	25.0 	26.2 	28.2 	29.8 	27.9 b	28.8 	30.4 	32.4 	33.2 
PC,ED5-8,Y25-64,F,ES63	14.9 u	18.1 u	21.7 u	21.2 u	21.7 u	24.1 	27.2 	24.0 b	28.1 	28.8 	23.7 	29.6 
PC,ED5-8,Y25-64,F,ES64	21.9 u	22.0 u	27.4 	22.3 u	23.0 u	23.6 u	25.6 	25.5 b	25.1 	26.5 	29.4 	33.1 
PC,ED5-8,Y25-64,F,ES70	25.9 	24.4 	25.4 	26.2 	26.1 	28.3 	29.3 	29.8 b	28.9 	31.3 	31.6 	32.6 
PC,ED5-8,Y25-64,F,FI19	38.3 	39.7 	41.2 	41.4 	42.5 	43.3 	45.1 	46.3 b	48.0 	48.8 	49.3 	49.9 
PC,ED5-8,Y25-64,F,FI1B	50.1 	49.3 	50.3 	51.4 	55.0 	54.7 	54.9 	55.9 b	57.2 	57.6 	57.8 	58.0 
PC,ED5-8,Y25-64,F,FI1C	38.2 	40.2 	40.4 	40.7 	41.4 	41.4 	42.5 	45.1 b	45.6 	45.6 	47.7 	50.5 
PC,ED5-8,Y25-64,F,FI1D	37.7 	37.8 	39.1 	40.2 	41.2 	42.4 	43.0 	43.9 b	44.7 	45.7 	48.1 	48.3 
PC,ED5-8,Y25-64,F,FI20	29.6 u	34.9 u	33.0 u	28.9 u	30.3 u	32.6 u	35.3 u	33.7 bu	31.8 u	35.6 u	36.3 u	42.3 u
PC,ED5-8,Y25-64,F,FR10	38.7 	39.2 	40.7 	40.2 	41.5 	41.9 	42.2 b	44.9 b	47.1 	47.9 	48.9 	51.2 
PC,ED5-8,Y25-64,F,FRB0	22.2 	22.8 	25.9 	27.1 	28.3 	29.6 	29.8 b	30.2 b	32.6 	32.0 	32.3 	33.5 
PC,ED5-8,Y25-64,F,FRC1	20.2 	23.9 	26.6 	24.6 	26.2 	28.0 	30.1 b	29.8 b	28.5 	30.8 	34.2 	32.6 
PC,ED5-8,Y25-64,F,FRC2	21.1 	23.7 	24.3 	25.0 	25.0 	27.4 	32.1 b	29.1 b	28.3 	33.5 	33.2 	30.5 
PC,ED5-8,Y25-64,F,FRD1	23.0 	27.3 	27.8 	27.0 	27.8 	29.9 	29.5 b	27.5 b	30.9 	29.6 	26.2 	31.7 
PC,ED5-8,Y25-64,F,FRD2	20.7 	20.9 	21.2 	23.5 	25.2 	27.4 	27.3 b	28.1 b	31.8 	29.9 	29.1 	30.5 
PC,ED5-8,Y25-64,F,FRE1	22.2 	23.2 	24.7 	26.7 	25.9 	26.8 	28.8 b	31.0 b	30.0 	30.9 	32.4 	33.3 
PC,ED5-8,Y25-64,F,FRE2	18.4 	21.7 	23.6 	21.7 	21.6 	21.6 	23.2 b	23.6 b	26.5 	24.8 	25.8 	30.1 
PC,ED5-8,Y25-64,F,FRF1	25.2 	30.1 	30.9 	31.3 	29.8 	29.9 	30.5 b	31.1 b	34.7 	37.1 	33.7 	34.1 
PC,ED5-8,Y25-64,F,FRF2	23.3 	22.5 	21.0 	22.0 	23.1 	25.9 	26.2 b	24.8 b	24.6 	23.7 	26.3 	29.0 
PC,ED5-8,Y25-64,F,FRF3	23.5 	21.6 	22.3 	24.3 	25.6 	26.8 	29.2 b	29.9 b	32.2 	32.2 	31.3 	29.6 
PC,ED5-8,Y25-64,F,FRG0	24.8 	24.6 	28.4 	29.1 	28.3 	28.4 	30.5 b	32.3 b	34.3 	34.2 	36.2 	37.8 
PC,ED5-8,Y25-64,F,FRH0	31.4 	30.2 	30.9 	30.5 	32.6 	35.2 	36.4 b	37.2 b	35.9 	36.8 	37.9 	40.9 
PC,ED5-8,Y25-64,F,FRI1	26.8 	26.7 	29.1 	30.6 	28.9 	30.5 	31.4 b	35.9 b	37.7 	35.3 	37.2 	37.8 
PC,ED5-8,Y25-64,F,FRI2	23.9 	25.8 	30.2 	27.7 	27.9 	32.2 	32.0 b	31.1 b	32.9 	37.4 	34.5 	34.5 
PC,ED5-8,Y25-64,F,FRI3	22.1 	22.9 	23.5 	28.0 	24.1 	25.8 	25.2 b	26.9 b	28.7 	31.3 	33.4 	33.9 
PC,ED5-8,Y25-64,F,FRJ1	29.7 	29.1 	27.6 	27.7 	28.3 	28.4 	31.9 b	34.4 b	33.9 	34.1 	35.2 	37.7 
PC,ED5-8,Y25-64,F,FRJ2	30.6 	32.9 	36.6 	35.9 	36.1 	37.4 	42.5 b	43.5 b	43.9 	41.4 	39.9 	46.7 
PC,ED5-8,Y25-64,F,FRK1	22.4 	27.8 	31.2 	28.7 	27.6 	28.7 	31.3 b	30.3 b	32.5 	34.7 	30.5 	34.7 
PC,ED5-8,Y25-64,F,FRK2	30.7 	31.3 	30.2 	29.6 	31.9 	34.0 	36.5 b	39.7 b	39.8 	40.8 	42.5 	44.2 
PC,ED5-8,Y25-64,F,FRL0	24.6 	26.2 	28.7 	29.6 	32.4 	33.0 	35.3 b	38.4 b	38.3 	37.6 	39.0 	41.4 
PC,ED5-8,Y25-64,F,FRM0	18.9 u	12.6 u	16.2 u	19.5 	20.5 	27.2 	26.5 b	28.2 b	39.3 	48.4 	42.7 	34.8 
PC,ED5-8,Y25-64,F,FRY1	: 	: 	: 	: 	: 	: 	: 	20.1 b	21.6 	23.2 	23.3 	22.6 
PC,ED5-8,Y25-64,F,FRY2	: 	: 	: 	: 	: 	: 	: 	25.8 b	27.0 	27.1 	25.7 	28.0 
PC,ED5-8,Y25-64,F,FRY3	: 	: 	: 	: 	: 	: 	: 	17.8 bu	19.1 	18.3 	19.5 	20.7 
PC,ED5-8,Y25-64,F,FRY4	: 	: 	: 	: 	: 	: 	: 	21.4 b	21.2 	22.7 	23.2 	23.9 
PC,ED5-8,Y25-64,F,HR03	17.2 	18.8 	21.8 	22.6 b	21.2 	21.3 	22.9 	24.8 b	27.6 	25.8 	26.6 	30.0 
PC,ED5-8,Y25-64,F,HR04	15.8 	16.6 	17.8 	18.8 b	18.3 	19.5 	21.4 	22.7 b	24.3 	25.5 	26.6 	27.8 
PC,ED5-8,Y25-64,F,HU10	28.3 	29.8 	31.3 	31.7 	33.1 	34.8 	: 	: 	: 	: 	: 	: 
PC,ED5-8,Y25-64,F,HU11	: 	: 	: 	: 	: 	: 	41.4 	43.9 b	46.5 	42.7 	41.9 	46.8 
PC,ED5-8,Y25-64,F,HU12	: 	: 	: 	: 	: 	: 	25.7 	27.2 b	29.0 	29.9 	30.6 	30.3 
PC,ED5-8,Y25-64,F,HU21	16.1 	16.9 	16.5 	16.2 	18.4 	20.6 	22.4 	21.2 b	22.3 	22.0 	22.6 	22.4 
PC,ED5-8,Y25-64,F,HU22	15.8 	17.3 	19.6 	17.5 	19.1 	22.0 	21.1 	22.0 b	22.2 	22.1 	23.4 	24.1 
PC,ED5-8,Y25-64,F,HU23	13.9 	16.2 	17.2 	18.7 	20.8 	21.0 	22.2 	21.4 b	22.7 	22.5 	21.5 	22.4 
PC,ED5-8,Y25-64,F,HU31	14.8 	16.1 	17.2 	18.0 	18.3 	18.6 	20.2 	20.4 b	20.5 	20.7 	21.4 	20.8 
PC,ED5-8,Y25-64,F,HU32	16.5 	17.3 	17.2 	18.2 	18.3 	20.0 	20.8 	21.4 b	21.2 	20.9 	21.3 	23.2 
PC,ED5-8,Y25-64,F,HU33	17.4 	19.2 	20.5 	20.5 	19.7 	21.6 	21.3 	22.1 b	22.2 	23.6 	23.4 	25.4 
PC,ED5-8,Y25-64,F,IE01	32.2 b	35.4 	37.1 	39.3 	40.1 	: 	: 	: 	: 	: 	: 	: 
PC,ED5-8,Y25-64,F,IE02	38.2 b	39.7 	40.9 	42.8 	43.3 	: 	: 	: 	: 	: 	: 	: 
PC,ED5-8,Y25-64,F,IE04	: 	: 	: 	: 	: 	43.5 	45.0 	45.0 b	46.7 	46.9 	48.0 b	47.4 
PC,ED5-8,Y25-64,F,IE05	: 	: 	: 	: 	: 	41.4 	44.0 	43.2 b	44.9 	45.9 	47.1 b	47.5 
PC,ED5-8,Y25-64,F,IE06	: 	: 	: 	: 	: 	46.1 	48.1 	50.3 b	51.4 	51.9 	52.7 b	53.7 
PC,ED5-8,Y25-64,F,IS00	33.1 	34.7 	36.6 	37.8 	39.6 	41.4 	42.5 	43.5 b	46.5 	48.2 	50.6 	52.9 
PC,ED5-8,Y25-64,F,ITC1	14.0 	15.0 	14.7 	15.0 	15.4 	17.2 	17.8 	17.6 b	18.6 	19.0 	20.7 	22.3 
PC,ED5-8,Y25-64,F,ITC2	12.8 	13.5 	12.3 	11.9 	13.5 	16.2 	18.7 	18.0 b	18.5 	19.2 	22.2 	23.5 
PC,ED5-8,Y25-64,F,ITC3	17.4 	18.9 	20.7 	19.3 	20.0 	21.9 	21.6 	22.1 b	22.4 	22.4 	23.4 	25.9 
PC,ED5-8,Y25-64,F,ITC4	15.2 	16.5 	17.0 	17.7 	17.3 	18.1 	18.8 	19.7 b	21.5 	21.8 	23.5 	23.9 
PC,ED5-8,Y25-64,F,ITF1	16.4 	17.7 	18.6 	18.6 	19.8 	20.8 	20.5 	18.8 b	19.8 	20.2 	21.6 	22.1 
PC,ED5-8,Y25-64,F,ITF2	16.2 	17.3 	16.4 	17.2 	18.2 	19.2 	20.5 	20.7 b	21.0 	21.6 	23.0 	22.4 
PC,ED5-8,Y25-64,F,ITF3	12.3 	12.7 	13.4 	14.1 	13.4 	15.0 	15.3 	15.6 b	16.3 	16.7 	17.4 	17.9 
PC,ED5-8,Y25-64,F,ITF4	11.3 	12.3 	11.8 	12.4 	12.5 	13.0 	14.1 	15.2 b	15.1 	15.5 	16.1 	16.8 
PC,ED5-8,Y25-64,F,ITF5	13.4 	13.7 	14.1 	14.5 	14.8 	15.6 	17.3 	17.3 b	18.3 	18.9 	18.9 	18.8 
PC,ED5-8,Y25-64,F,ITF6	15.0 	15.4 	15.8 	15.7 	15.3 	15.9 	15.5 	17.6 b	18.3 	17.2 	17.6 	17.7 
PC,ED5-8,Y25-64,F,ITG1	12.0 	12.9 	13.7 	13.5 	13.0 	14.0 	14.6 	14.4 b	14.5 	14.7 	15.3 	15.7 
PC,ED5-8,Y25-64,F,ITG2	13.5 	13.9 	14.9 	15.0 	15.5 	16.8 	16.9 	15.7 b	17.8 	18.7 	20.2 	19.5 
PC,ED5-8,Y25-64,F,ITH1	10.2 	11.0 	11.9 	13.0 	12.9 	14.7 	16.8 	18.0 b	19.5 	19.4 	19.0 	20.8 
PC,ED5-8,Y25-64,F,ITH2	14.5 	15.3 	16.2 	16.9 	17.4 	18.5 	18.7 	20.4 b	21.6 	21.2 	23.3 	24.5 
PC,ED5-8,Y25-64,F,ITH3	13.0 	13.9 	14.0 	15.2 	15.6 	15.5 	17.1 	17.8 b	18.8 	19.0 	21.4 	22.2 
PC,ED5-8,Y25-64,F,ITH4	14.6 	15.6 	15.0 	15.6 	15.4 	18.9 	19.1 	18.6 b	19.6 	19.4 	23.0 	23.7 
PC,ED5-8,Y25-64,F,ITH5	16.8 	17.8 	18.4 	18.3 	19.8 	20.4 	20.6 	21.1 b	23.1 	23.8 	24.1 	25.1 
PC,ED5-8,Y25-64,F,ITI1	16.1 	17.8 	16.9 	17.2 	18.4 	19.4 	19.3 	19.4 b	21.4 	22.9 	23.6 	24.7 
PC,ED5-8,Y25-64,F,ITI2	18.1 	18.1 	19.2 	19.7 	19.9 	22.1 	23.6 	23.7 b	22.6 	23.1 	24.5 	23.5 
PC,ED5-8,Y25-64,F,ITI3	15.0 	15.9 	17.9 	18.3 	17.1 	19.3 	21.1 	22.0 b	22.0 	22.9 	24.4 	23.5 
PC,ED5-8,Y25-64,F,ITI4	19.3 	20.8 	20.5 	20.4 	20.6 	22.0 	22.9 	25.7 b	25.6 	25.3 	28.1 	28.6 
PC,ED5-8,Y25-64,F,LT00	32.2 	34.8 	35.8 	38.2 	39.3 	40.2 	: 	: 	: 	: 	: 	: 
PC,ED5-8,Y25-64,F,LT01	: 	: 	: 	: 	: 	: 	50.9 	52.0 b	55.8 	57.9 	59.2 	60.3 
PC,ED5-8,Y25-64,F,LT02	: 	: 	: 	: 	: 	: 	37.7 	38.8 b	41.0 	42.4 	42.1 	43.8 
PC,ED5-8,Y25-64,F,LU00	25.1 b	25.9 	32.0 b	32.0 	34.5 	36.2 	39.4 	44.0 b	41.1 b	42.4 u	41.0 u	45.2 
PC,ED5-8,Y25-64,F,LV00	26.5 	30.5 	32.0 	32.7 	34.3 	36.4 	38.2 	37.8 b	40.1 	41.9 	42.1 	42.3 
PC,ED5-8,Y25-64,F,ME00	: 	: 	: 	: 	19.5 	20.5 	21.7 	25.3 b	24.7 	26.8 	27.6 	26.7 
PC,ED5-8,Y25-64,F,MK00	14.0 	12.9 	14.9 	15.1 	17.6 	18.0 	18.1 	19.0 b	20.4 	22.3 	22.6 	22.3 
PC,ED5-8,Y25-64,F,MT00	11.7 	12.4 	14.2 	15.2 	15.7 b	17.9 	20.1 	21.2 b	23.0 	23.0 	24.0 	27.6 
PC,ED5-8,Y25-64,F,NL11	28.4 	27.5 	28.1 	33.8 	32.3 b	32.4 	35.1 b	34.0 b	34.5 	38.7 	37.6 	38.7 
PC,ED5-8,Y25-64,F,NL12	25.8 	24.1 	25.3 	25.5 	26.3 b	26.4 	29.5 b	28.4 b	27.4 	29.2 	31.1 	34.5 
PC,ED5-8,Y25-64,F,NL13	22.5 	22.4 	24.2 	23.3 	21.6 b	24.0 	27.1 b	27.3 b	28.8 	26.8 	29.3 	31.5 
PC,ED5-8,Y25-64,F,NL21	23.3 	24.5 	25.3 	24.9 	26.8 b	28.2 	29.2 b	30.8 b	30.9 	32.4 	35.7 	34.2 
PC,ED5-8,Y25-64,F,NL22	26.0 	27.1 	27.7 	28.6 	28.8 b	30.1 	32.5 b	33.8 b	34.2 	33.7 	35.0 	36.0 
PC,ED5-8,Y25-64,F,NL23	22.0 	24.2 	24.5 	25.8 	25.8 b	26.4 	27.2 b	27.7 b	27.9 	30.7 	35.0 	30.7 
PC,ED5-8,Y25-64,F,NL31	35.9 	38.8 	39.2 	40.4 	42.3 b	41.5 	44.0 b	45.9 b	47.7 	47.5 	49.2 	51.4 
PC,ED5-8,Y25-64,F,NL32	33.6 	34.2 	37.1 	37.6 	38.1 b	38.6 	38.5 b	40.4 b	42.0 	43.1 	45.8 	47.5 
PC,ED5-8,Y25-64,F,NL33	27.9 	28.3 	28.8 	29.8 	30.7 b	32.9 	33.0 b	33.0 b	34.9 	36.2 	36.9 	38.7 
PC,ED5-8,Y25-64,F,NL34	20.0 	21.7 	23.8 	28.2 	22.4 b	19.5 	24.0 b	24.8 b	24.7 	26.0 	27.1 	27.6 
PC,ED5-8,Y25-64,F,NL41	25.6 	26.5 	26.3 	26.8 	28.1 b	29.9 	31.0 b	32.4 b	32.1 	33.6 	34.2 	35.9 
PC,ED5-8,Y25-64,F,NL42	19.6 	22.9 	23.1 	22.6 	22.6 b	23.6 	23.8 b	25.9 b	27.6 	27.1 	29.9 	31.0 
PC,ED5-8,Y25-64,F,NO01	49.1 	51.2 	49.4 	49.9 	52.0 	53.9 	55.1 	56.2 b	57.3 	58.0 	58.4 	57.6 
PC,ED5-8,Y25-64,F,NO02	30.0 	30.4 	32.2 	35.2 	33.5 	37.0 	36.8 	40.6 b	39.4 	41.5 	42.2 	40.4 
PC,ED5-8,Y25-64,F,NO03	31.2 	32.9 	34.3 	34.5 	37.1 	39.1 	38.7 	40.0 b	40.8 	40.4 	38.9 	41.1 
PC,ED5-8,Y25-64,F,NO04	35.9 	35.4 	35.2 	37.7 	39.8 	40.4 	41.9 	42.3 b	42.6 	43.5 	43.9 	46.2 
PC,ED5-8,Y25-64,F,NO05	35.1 	37.7 	42.6 	42.3 	40.8 	41.5 	44.3 	46.5 b	47.8 	46.9 	47.1 	48.2 
PC,ED5-8,Y25-64,F,NO06	37.2 	39.9 	40.9 	40.8 	40.0 	40.5 	43.0 	45.2 b	50.5 	50.8 	49.3 	48.3 
PC,ED5-8,Y25-64,F,NO07	34.2 	37.3 	37.1 	38.0 	39.0 	39.7 	45.3 	46.7 b	45.1 	46.5 	46.4 	45.9 
PC,ED5-8,Y25-64,F,PL21	22.9 	23.3 	25.2 	26.4 b	28.6 	30.4 	31.2 	31.7 b	34.1 	35.9 b	38.6 	38.9 
PC,ED5-8,Y25-64,F,PL22	18.2 	19.8 	23.1 	24.5 b	25.3 	26.6 	28.6 	28.9 b	29.6 	32.2 b	33.1 	34.7 
PC,ED5-8,Y25-64,F,PL41	18.3 	19.7 	20.5 	23.3 b	24.5 	25.6 	27.1 	28.9 b	30.5 	30.9 b	29.9 	31.4 
PC,ED5-8,Y25-64,F,PL42	22.4 	22.7 	23.9 	24.0 b	24.1 	25.6 	26.4 	27.1 b	28.5 	30.6 b	31.9 	34.4 
PC,ED5-8,Y25-64,F,PL43	17.0 	18.4 	19.6 	21.1 b	22.6 	22.1 	23.6 	26.3 b	26.3 	27.0 b	28.1 	29.2 
PC,ED5-8,Y25-64,F,PL51	20.4 	20.5 	22.1 	24.5 b	26.5 	27.2 	28.1 	30.8 b	32.0 	33.4 b	35.0 	37.5 
PC,ED5-8,Y25-64,F,PL52	16.3 	18.6 	18.3 	20.6 b	21.4 	23.9 	24.8 	27.6 b	28.9 	29.2 b	30.9 	31.6 
PC,ED5-8,Y25-64,F,PL61	14.1 	16.4 	17.7 	19.2 b	21.9 	23.7 	23.9 	23.6 b	25.1 	27.6 b	29.4 	29.6 
PC,ED5-8,Y25-64,F,PL62	17.3 	18.5 	22.0 	22.9 b	24.2 	23.9 	25.3 	26.3 b	26.9 	27.8 b	29.0 	28.4 
PC,ED5-8,Y25-64,F,PL63	20.5 	22.2 	24.3 	26.0 b	27.2 	29.3 	30.2 	30.2 b	32.6 	34.3 b	37.5 	37.5 
PC,ED5-8,Y25-64,F,PL71	21.3 	22.3 	24.2 	25.8 b	26.0 	28.0 	28.2 	29.8 b	31.8 	32.7 b	33.5 	35.3 
PC,ED5-8,Y25-64,F,PL72	20.6 	23.1 	25.0 	26.0 b	26.2 	28.8 	32.3 	31.8 b	30.8 	33.5 b	35.7 	36.9 
PC,ED5-8,Y25-64,F,PL81	22.2 	22.8 	24.6 	25.6 b	27.3 	29.1 	30.9 	32.6 b	32.8 	33.1 b	32.9 	34.9 
PC,ED5-8,Y25-64,F,PL82	18.9 	20.2 	24.7 	24.5 b	23.9 	25.4 	27.4 	28.6 b	29.9 	33.2 b	34.1 	33.8 
PC,ED5-8,Y25-64,F,PL84	23.3 	24.9 	26.9 	27.8 b	29.7 	30.5 	32.2 	34.4 b	34.1 	35.8 b	37.4 	39.1 
PC,ED5-8,Y25-64,F,PL91	: 	: 	: 	: 	: 	: 	51.2 	55.2 b	57.3 	58.3 b	60.9 	63.2 
PC,ED5-8,Y25-64,F,PL92	: 	: 	: 	: 	: 	: 	25.9 	27.2 b	26.8 	27.8 b	29.7 	30.1 
PC,ED5-8,Y25-64,F,PT11	12.7 	13.8 	14.6 	15.4 	17.1 b	18.7 	19.4 	21.8 b	22.1 	23.9 	24.4 	26.0 
PC,ED5-8,Y25-64,F,PT15	12.2 	15.6 	18.3 	18.4 	19.2 b	22.0 	22.4 	23.0 b	24.6 	25.4 	26.7 	28.1 
PC,ED5-8,Y25-64,F,PT16	15.0 	15.1 	14.4 	15.8 	17.9 b	20.0 	20.9 	24.9 b	25.8 	27.3 	27.2 	30.6 
PC,ED5-8,Y25-64,F,PT17	23.0 	23.7 	24.0 	25.6 	26.4 b	27.5 	31.2 	34.9 b	36.9 	36.6 	37.6 	37.1 
PC,ED5-8,Y25-64,F,PT18	15.3 	16.4 	15.1 	17.7 	17.9 b	18.4 	20.2 	21.9 b	23.0 	23.1 	23.4 	25.2 
PC,ED5-8,Y25-64,F,PT20	10.1 	8.8 	10.6 	12.9 	14.4 b	16.1 	16.2 	17.1 b	17.7 	18.6 	19.2 	19.2 
PC,ED5-8,Y25-64,F,PT30	14.4 	13.8 	15.9 	16.9 	16.7 b	18.2 	19.6 	19.9 b	21.6 	23.3 	25.0 	25.5 
PC,ED5-8,Y25-64,F,RO11	10.1 	11.3 	11.9 	12.3 b	13.0 	13.5 	14.2 	14.3 b	17.9 	18.5 	18.7 	19.2 
PC,ED5-8,Y25-64,F,RO12	10.1 	10.7 	11.5 	10.9 b	12.6 	13.4 	14.1 	14.9 b	18.6 	18.2 	18.4 	19.2 
PC,ED5-8,Y25-64,F,RO21	10.4 	11.6 	12.0 	11.7 b	12.6 	13.2 	12.4 	12.5 b	12.2 	12.3 	13.0 	13.8 
PC,ED5-8,Y25-64,F,RO22	8.3 	9.4 	10.4 	10.5 b	11.5 	12.9 	13.6 	12.6 b	13.7 	13.7 	14.1 	14.3 
PC,ED5-8,Y25-64,F,RO31	8.3 	8.5 	9.2 	9.9 b	10.9 	11.6 	11.9 	11.8 b	13.3 	13.9 	14.3 	13.7 
PC,ED5-8,Y25-64,F,RO32	25.5 	26.7 	27.0 	27.3 b	30.6 	32.5 	34.6 	36.4 b	33.8 	35.6 	37.3 	38.9 
PC,ED5-8,Y25-64,F,RO41	10.8 	12.5 	12.9 	12.2 b	13.3 	13.8 	14.5 	15.3 b	17.7 	17.7 	16.8 	15.5 
PC,ED5-8,Y25-64,F,RO42	10.6 	12.2 	13.8 	13.8 b	13.6 	13.6 	13.1 	13.0 b	16.5 	15.6 	16.0 	15.9 
PC,ED5-8,Y25-64,F,RS11	: 	: 	: 	: 	: 	: 	33.7 	36.3 b	37.1 	38.1 	39.3 	40.4 
PC,ED5-8,Y25-64,F,RS12	: 	: 	: 	: 	: 	: 	17.7 	21.5 b	21.1 	22.7 	22.5 	23.3 
PC,ED5-8,Y25-64,F,RS21	: 	: 	: 	: 	: 	: 	16.1 	16.6 b	17.9 	19.2 	18.8 	20.3 
PC,ED5-8,Y25-64,F,RS22	: 	: 	: 	: 	: 	: 	16.7 	15.6 b	19.2 	20.1 	20.2 	20.8 
PC,ED5-8,Y25-64,F,SE11	41.3 	43.6 	46.2 	46.8 	47.8 	48.5 	50.3 	52.2 b	53.0 	54.6 	55.1 	56.5 
PC,ED5-8,Y25-64,F,SE12	34.2 	34.9 	35.5 	35.8 	36.7 	38.8 	41.2 	42.7 b	44.7 	46.8 	47.4 	48.5 
PC,ED5-8,Y25-64,F,SE21	29.9 	31.3 	31.5 	31.4 	33.7 	35.5 	35.9 	38.5 b	41.8 	42.6 	41.8 	43.3 
PC,ED5-8,Y25-64,F,SE22	37.5 	37.8 	38.9 	40.3 	41.4 	41.6 	43.8 	44.7 b	46.8 	48.5 	50.6 	51.4 
PC,ED5-8,Y25-64,F,SE23	36.2 	36.3 	36.9 	37.9 	39.8 	41.7 	42.5 	45.4 b	46.5 	46.7 	46.8 	49.3 
PC,ED5-8,Y25-64,F,SE31	30.1 	30.5 	32.2 	32.6 	33.7 	33.4 	34.9 	36.3 b	39.0 	40.7 	41.2 	42.8 
PC,ED5-8,Y25-64,F,SE32	34.6 	34.4 	35.2 	35.7 	37.8 	37.8 	39.3 	40.1 b	41.7 	42.4 	43.0 	44.8 
PC,ED5-8,Y25-64,F,SE33	34.4 	35.3 	36.0 	38.0 	41.3 	41.7 	41.9 	45.4 b	46.9 	48.5 	48.1 	48.8 
PC,ED5-8,Y25-64,F,SI01	22.1 	21.7 	23.3 	: 	: 	: 	: 	: 	: 	: 	: 	: 
PC,ED5-8,Y25-64,F,SI02	30.2 	31.9 	33.1 	: 	: 	: 	: 	: 	: 	: 	: 	: 
PC,ED5-8,Y25-64,F,SI03	: 	: 	: 	24.0 	26.2 	27.5 	28.9 	29.4 b	31.4 	33.2 	34.9 	34.0 
PC,ED5-8,Y25-64,F,SI04	: 	: 	: 	33.0 	34.7 	37.2 	38.4 	39.4 b	42.7 	42.5 	44.5 	44.4 
PC,ED5-8,Y25-64,F,SK01	30.2 	29.8 	33.5 	35.7 	39.0 b	39.2 	39.6 	41.0 b	40.0 	41.8 	47.0 	49.4 
PC,ED5-8,Y25-64,F,SK02	12.6 	12.2 	13.5 	15.6 	16.7 b	18.2 	18.3 	17.4 b	20.1 	23.1 	23.6 	23.0 
PC,ED5-8,Y25-64,F,SK03	12.8 	14.0 	15.9 	18.6 	19.9 b	20.3 	21.4 	20.8 b	22.3 	22.6 	23.0 	25.9 
PC,ED5-8,Y25-64,F,SK04	12.2 	13.0 	13.7 	15.8 	17.3 b	18.1 	19.0 	22.1 b	22.9 	22.3 	23.8 	27.0 
PC,ED5-8,Y25-64,F,TR10	10.8 	12.9 	13.3 	12.4 	13.8 	16.9 	17.4 	17.7 b	19.6 	21.4 	22.7 	23.4 
PC,ED5-8,Y25-64,F,TR21	8.3 	11.1 	10.8 	9.2 	9.9 	10.9 	11.7 	11.1 b	12.3 	13.4 	15.7 	16.7 
PC,ED5-8,Y25-64,F,TR22	6.2 	5.6 	6.1 	7.1 	9.2 	10.0 	10.2 	13.9 b	14.1 	14.7 	15.4 	16.2 
PC,ED5-8,Y25-64,F,TR31	13.8 	16.1 	17.6 	16.4 	16.4 	17.2 	17.6 	17.8 b	19.2 	20.2 	22.3 	24.8 
PC,ED5-8,Y25-64,F,TR32	7.5 	8.5 	9.3 	9.5 	10.4 	9.8 	9.8 	11.9 b	14.7 	15.2 	16.4 	17.5 
PC,ED5-8,Y25-64,F,TR33	4.2 	4.6 	4.5 	6.1 	6.6 	5.4 	6.1 	8.0 b	9.3 	10.9 	11.5 	13.0 
PC,ED5-8,Y25-64,F,TR41	6.3 	7.4 	8.8 	8.2 	9.7 	11.7 	13.1 	12.9 b	14.4 	15.7 	17.5 	18.4 
PC,ED5-8,Y25-64,F,TR42	6.7 	7.7 	7.0 	8.0 	9.3 	10.2 	13.1 	12.0 b	13.5 	14.6 	14.6 	15.1 
PC,ED5-8,Y25-64,F,TR51	17.4 	18.2 	20.9 	20.6 	21.4 	22.9 	23.5 	23.8 b	24.3 	26.8 	26.7 	27.3 
PC,ED5-8,Y25-64,F,TR52	4.6 	5.3 	7.5 	7.0 	6.5 	7.3 	7.4 	9.3 b	10.3 	10.6 	10.9 	11.7 
PC,ED5-8,Y25-64,F,TR61	9.4 	8.2 	8.2 	10.4 	12.6 	13.0 	13.1 	14.6 b	16.2 	18.0 	18.5 	19.2 
PC,ED5-8,Y25-64,F,TR62	7.7 	7.0 	7.2 	7.8 	8.7 	10.4 	10.3 	11.8 b	12.7 	13.4 	14.5 	15.4 
PC,ED5-8,Y25-64,F,TR63	3.8 	3.6 	4.1 	5.0 	5.7 	5.9 	5.7 	6.6 b	8.0 	10.1 	9.4 	9.5 
PC,ED5-8,Y25-64,F,TR71	3.8 	5.6 	6.2 	6.5 	6.8 	8.4 	9.7 	8.8 b	10.3 	9.7 	11.7 	12.5 
PC,ED5-8,Y25-64,F,TR72	5.0 	4.3 	5.6 	7.4 	6.4 	6.8 	11.0 	9.2 b	10.0 	11.5 	12.0 	13.0 
PC,ED5-8,Y25-64,F,TR81	3.8 	4.6 	7.1 	7.6 	8.3 	8.4 	6.8 	8.1 b	8.6 	8.7 	8.9 	11.8 
PC,ED5-8,Y25-64,F,TR82	3.8 	4.4 	5.6 	6.2 	6.8 	7.9 	7.4 	7.7 b	9.1 	9.0 	11.3 	13.7 
PC,ED5-8,Y25-64,F,TR83	6.1 	5.9 	7.1 	7.2 	6.8 	7.4 	6.9 	9.6 b	10.5 	10.6 	11.9 	12.8 
PC,ED5-8,Y25-64,F,TR90	6.1 	5.0 	5.0 	6.4 	7.2 	6.9 	8.4 	9.8 b	11.9 	14.1 	14.5 	14.3 
PC,ED5-8,Y25-64,F,TRA1	4.1 	4.9 	5.9 	5.4 	5.9 	9.2 	9.0 	6.6 b	7.1 	9.5 	11.3 	12.6 
PC,ED5-8,Y25-64,F,TRA2	3.1 	2.1 	3.4 	3.5 	4.4 	6.4 	6.1 	4.9 b	6.9 	5.9 	6.1 	7.1 
PC,ED5-8,Y25-64,F,TRB1	4.0 	4.1 	4.8 	6.6 	7.7 	7.2 	7.8 	10.3 b	11.1 	15.1 	14.9 	14.6 
PC,ED5-8,Y25-64,F,TRB2	1.9 	2.3 	3.5 	3.1 	3.4 	3.7 	4.1 	3.2 b	3.9 	4.5 	4.0 	6.2 
PC,ED5-8,Y25-64,F,TRC1	2.4 	2.3 	3.4 	4.0 	3.8 	4.9 	7.9 	7.9 b	10.5 	12.1 	11.0 	11.1 
PC,ED5-8,Y25-64,F,TRC2	2.3 	1.4 	2.7 	4.2 	4.2 	4.0 	3.9 	3.7 b	4.7 	6.0 	8.5 	9.1 
PC,ED5-8,Y25-64,F,TRC3	1.7 	1.3 	1.9 	3.4 	4.0 	4.5 	3.9 	3.3 b	5.1 	6.3 	6.2 	8.0 
PC,ED5-8,Y25-64,F,UKC1	26.2 b	23.2 b	26.0 	31.6 b	28.1 b	29.0 	27.9 	31.8 b	36.3 	35.5 	35.1 	34.8 
PC,ED5-8,Y25-64,F,UKC2	28.9 b	28.3 b	27.0 	28.8 b	33.5 b	33.9 	33.8 	34.6 b	37.5 	39.5 	39.4 	36.8 
PC,ED5-8,Y25-64,F,UKD1	28.9 b	25.5 b	29.6 	33.6 b	31.4 b	31.5 	36.5 	37.1 b	38.5 	39.6 	35.3 	40.9 
PC,ED5-8,Y25-64,F,UKD3	30.3 b	28.3 b	31.1 	31.6 b	33.2 b	34.9 	36.9 	37.8 b	40.0 	40.5 	39.7 	41.1 
PC,ED5-8,Y25-64,F,UKD4	27.5 b	27.6 b	29.8 	35.4 b	34.5 b	37.3 	35.7 	36.2 b	35.8 	38.1 	39.4 	40.4 
PC,ED5-8,Y25-64,F,UKD6	37.0 b	37.6 b	33.7 	38.2 b	39.5 b	40.4 	40.8 	46.2 b	47.8 	50.1 	50.7 	47.4 
PC,ED5-8,Y25-64,F,UKD7	25.5 b	28.3 b	30.0 	28.6 b	26.6 b	32.8 	31.7 	32.6 b	37.9 	38.4 	36.8 	40.9 
PC,ED5-8,Y25-64,F,UKE1	25.5 b	26.0 b	26.6 	26.3 b	29.8 b	28.7 	29.6 	30.9 b	33.1 	36.3 	35.7 	33.7 
PC,ED5-8,Y25-64,F,UKE2	34.9 b	38.4 b	40.6 	38.9 b	41.0 b	43.9 	46.5 	47.6 b	47.3 	43.4 	45.0 	49.6 
PC,ED5-8,Y25-64,F,UKE3	26.2 b	26.4 b	27.9 	27.5 b	29.1 b	29.7 	30.9 	31.7 b	34.9 	35.7 	36.7 	42.7 
PC,ED5-8,Y25-64,F,UKE4	28.6 b	26.9 b	31.2 	30.1 b	30.8 b	33.9 	37.3 	35.5 b	37.5 	35.6 	38.8 	40.9 
PC,ED5-8,Y25-64,F,UKF1	28.1 b	29.0 b	30.1 	33.6 b	33.0 b	34.9 	36.8 	35.2 b	39.2 	38.5 	37.3 	39.7 
PC,ED5-8,Y25-64,F,UKF2	29.0 b	27.1 b	30.5 	31.1 b	34.1 b	32.3 	39.0 	37.4 b	37.2 	39.2 	40.7 	40.4 
PC,ED5-8,Y25-64,F,UKF3	26.2 bu	24.6 b	27.3 	26.9 b	30.5 b	32.4 	32.4 	34.1 b	32.2 	31.8 	32.6 	38.5 
PC,ED5-8,Y25-64,F,UKG1	33.7 b	31.4 b	31.1 	34.4 b	35.9 b	38.4 	42.3 	41.3 b	45.7 	44.6 	43.0 	47.5 
PC,ED5-8,Y25-64,F,UKG2	30.5 b	29.0 b	29.7 	32.6 b	34.1 b	30.9 	33.6 	34.6 b	37.8 	35.8 	38.5 	40.4 
PC,ED5-8,Y25-64,F,UKG3	26.6 b	26.8 b	26.9 	26.9 b	26.8 b	31.4 	31.3 	31.1 b	32.5 	32.8 	34.4 	34.9 
PC,ED5-8,Y25-64,F,UKH1	31.0 b	29.9 b	31.8 	32.7 b	33.0 b	35.9 	38.3 	39.3 b	36.7 	38.2 	39.9 	39.2 
PC,ED5-8,Y25-64,F,UKH2	34.4 b	34.2 b	33.7 	37.9 b	39.9 b	44.4 	42.1 	44.9 b	45.4 	44.4 	45.7 	47.7 
PC,ED5-8,Y25-64,F,UKH3	24.9 b	23.9 b	26.1 	26.9 b	27.9 b	32.5 	33.5 	32.3 b	32.9 	35.3 	35.2 	36.4 
PC,ED5-8,Y25-64,F,UKI1	47.1 b	47.1 b	50.2 	: 	: 	: 	: 	: 	: 	: 	: 	: 
PC,ED5-8,Y25-64,F,UKI2	36.2 b	35.8 b	36.7 	: 	: 	: 	: 	: 	: 	: 	: 	: 
PC,ED5-8,Y25-64,F,UKI3	: 	: 	: 	60.6 b	64.5 b	68.5 	69.3 	70.7 b	67.0 	73.5 	69.6 	69.2 
PC,ED5-8,Y25-64,F,UKI4	: 	: 	: 	50.7 b	53.2 b	55.9 	56.7 	53.8 b	55.6 	58.3 	58.8 	61.1 
PC,ED5-8,Y25-64,F,UKI5	: 	: 	: 	34.0 b	39.2 b	39.3 	44.6 	43.2 b	44.0 	47.3 	46.7 	47.4 
PC,ED5-8,Y25-64,F,UKI6	: 	: 	: 	43.9 b	46.1 b	47.7 	51.6 	52.7 b	55.2 	54.9 	56.3 	53.3 
PC,ED5-8,Y25-64,F,UKI7	: 	: 	: 	40.6 b	49.4 b	52.0 	50.3 	53.5 b	55.4 	54.7 	55.7 	56.3 
PC,ED5-8,Y25-64,F,UKJ1	35.8 b	36.2 b	41.0 	42.8 b	46.1 b	46.9 	49.0 	49.9 b	53.2 	53.1 	55.7 	53.4 
PC,ED5-8,Y25-64,F,UKJ2	37.8 b	37.9 b	39.3 	40.6 b	43.7 b	46.1 	45.3 	46.1 b	47.5 	48.2 	53.1 	53.5 
PC,ED5-8,Y25-64,F,UKJ3	30.6 b	32.6 b	33.2 	34.8 b	37.4 b	39.7 	42.1 	43.9 b	41.8 	41.3 	43.8 	46.3 
PC,ED5-8,Y25-64,F,UKJ4	28.2 b	27.8 b	29.4 	31.8 b	33.6 b	34.7 	36.9 	40.3 b	37.3 	42.5 	39.3 	41.8 
PC,ED5-8,Y25-64,F,UKK1	34.0 b	34.5 b	35.2 	39.0 b	41.8 b	40.9 	43.0 	45.9 b	46.2 	46.6 	49.5 	47.2 
PC,ED5-8,Y25-64,F,UKK2	32.6 bu	30.6 b	32.0 	34.6 b	36.0 b	38.2 	41.1 	38.4 b	41.4 	40.9 	41.4 	40.7 
PC,ED5-8,Y25-64,F,UKK3	31.6 bu	28.6 b	29.1 	30.3 b	32.3 b	35.4 	37.2 	41.5 b	37.4 	38.8 	45.5 	46.6 
PC,ED5-8,Y25-64,F,UKK4	29.4 b	31.2 b	32.2 	35.8 b	36.8 b	40.0 	39.2 	39.8 b	42.4 	43.9 	43.6 	45.9 
PC,ED5-8,Y25-64,F,UKL1	26.6 bu	28.2 b	31.1 	31.7 b	32.9 b	34.0 	35.3 	36.3 b	38.8 	38.9 	37.9 	41.5 
PC,ED5-8,Y25-64,F,UKL2	32.9 b	34.3 b	37.4 	40.4 b	40.1 b	39.1 	42.1 	45.5 b	43.7 	43.6 	44.5 	44.6 
PC,ED5-8,Y25-64,F,UKM2	40.8 b	41.2 b	40.3 	41.9 b	45.4 b	46.6 	: 	: 	: 	: 	: 	: 
PC,ED5-8,Y25-64,F,UKM3	36.1 b	34.9 b	35.4 	36.5 b	41.9 b	41.5 	: 	: 	: 	: 	: 	: 
PC,ED5-8,Y25-64,F,UKM5	39.7 b	40.4 b	40.2 	40.0 b	44.7 b	46.0 	44.0 	50.1 b	56.0 	54.3 	46.7 	54.4 
PC,ED5-8,Y25-64,F,UKM6	40.8 b	39.8 b	44.1 	43.1 b	43.6 b	44.8 	48.8 	48.1 b	51.0 	51.1 	49.0 	45.6 
PC,ED5-8,Y25-64,F,UKM7	: 	: 	: 	: 	: 	: 	51.4 	55.0 b	53.6 	53.6 	55.1 	55.2 
PC,ED5-8,Y25-64,F,UKM8	: 	: 	: 	: 	: 	: 	45.1 	47.6 b	49.3 	49.8 	49.4 	48.4 
PC,ED5-8,Y25-64,F,UKM9	: 	: 	: 	: 	: 	: 	40.8 	43.5 b	46.4 	43.4 	47.5 	48.6 
PC,ED5-8,Y25-64,F,UKN0	32.9 b	34.5 b	31.7 	34.2 b	30.3 b	34.2 	34.7 	36.8 b	36.7 	37.0 	37.1 	40.4 
PC,ED5-8,Y25-64,M,AT11	16.3 	16.3 	17.4 	16.9 	17.3 	15.8 	17.3 	26.5 b	30.3 	28.6 	27.7 	28.5 
PC,ED5-8,Y25-64,M,AT12	17.1 	18.6 	19.9 	20.8 	20.2 	19.9 	19.6 	30.5 b	32.6 	31.6 	32.9 	33.6 
PC,ED5-8,Y25-64,M,AT13	24.8 	24.7 	25.9 	28.0 	26.8 	26.6 	30.4 	37.9 b	39.3 	38.6 	40.6 	41.1 
PC,ED5-8,Y25-64,M,AT21	18.9 	18.1 	19.2 	19.3 	18.8 	18.9 	17.5 	28.0 b	28.5 	30.6 	29.3 	30.6 
PC,ED5-8,Y25-64,M,AT22	18.8 	18.1 	18.8 	16.4 	18.5 	20.0 	19.5 	26.9 b	28.9 	27.7 	27.8 	29.6 
PC,ED5-8,Y25-64,M,AT31	19.5 	20.3 	20.1 	19.9 	19.8 	20.9 	20.5 	30.1 b	29.5 	30.7 	31.6 	31.9 
PC,ED5-8,Y25-64,M,AT32	20.8 	21.4 	23.4 	22.0 	21.8 	23.9 	24.2 	31.9 b	31.1 	34.0 	34.3 	33.0 
PC,ED5-8,Y25-64,M,AT33	20.1 	20.8 	20.2 	19.8 	21.5 	21.1 	20.9 	30.2 b	28.1 	30.1 	29.8 	31.7 
PC,ED5-8,Y25-64,M,AT34	20.5 	19.9 	20.1 	19.4 	21.6 	23.0 	23.5 	29.7 b	28.8 	29.8 	29.7 	29.9 
PC,ED5-8,Y25-64,M,BE10	40.7 	39.3 b	41.9 	41.2 	41.1 	40.7 	39.6 	42.0 b	42.0 	41.8 	45.6 b	45.9 
PC,ED5-8,Y25-64,M,BE21	29.4 	30.7 b	30.2 	34.0 	32.0 	33.1 	32.8 	35.3 b	34.8 	32.1 	35.7 b	36.7 
PC,ED5-8,Y25-64,M,BE22	25.7 	25.6 b	26.4 	26.6 	25.5 	28.6 	25.7 	26.7 b	27.6 	29.3 	31.8 b	31.0 
PC,ED5-8,Y25-64,M,BE23	29.4 	29.9 b	32.7 	31.7 	32.6 	32.3 	34.2 	34.4 b	33.6 	35.6 	38.3 b	38.7 
PC,ED5-8,Y25-64,M,BE24	38.4 	38.8 b	41.0 	42.7 	39.9 	40.9 	41.5 	42.5 b	42.1 	43.6 	47.7 b	44.9 
PC,ED5-8,Y25-64,M,BE25	26.7 	28.7 b	28.4 	28.7 	29.9 	29.8 	30.3 	30.0 b	29.6 	31.2 	32.9 b	32.5 
PC,ED5-8,Y25-64,M,BE31	45.7 	47.1 b	47.0 	48.1 	53.6 	48.9 	47.5 	48.4 b	49.0 	49.2 	52.1 b	52.5 
PC,ED5-8,Y25-64,M,BE32	23.4 	23.1 b	21.4 	27.0 	23.5 	24.2 	25.4 	24.9 b	23.2 	27.4 	27.4 b	27.7 
PC,ED5-8,Y25-64,M,BE33	29.1 	26.5 b	27.9 	28.7 	29.7 	29.0 	29.3 	30.2 b	31.8 	29.6 	31.6 b	33.4 
PC,ED5-8,Y25-64,M,BE34	26.6 	27.8 b	28.5 	29.4 	29.3 	29.3 	27.3 	30.3 b	32.6 	31.2 	33.5 b	34.9 
PC,ED5-8,Y25-64,M,BE35	28.1 	27.3 b	28.8 	30.6 	29.9 	30.2 	31.0 	32.5 b	30.7 	31.6 	35.8 b	34.5 
PC,ED5-8,Y25-64,M,BG31	13.2 	13.5 	12.4 	13.8 b	13.8 	13.9 	14.6 	15.1 b	15.8 	15.2 	14.4 	14.7 
PC,ED5-8,Y25-64,M,BG32	14.8 	16.3 	16.8 	15.3 b	15.9 	17.2 	17.5 	18.0 b	18.5 	19.1 	18.0 	19.0 
PC,ED5-8,Y25-64,M,BG33	15.4 	15.5 	15.2 	15.5 b	16.7 	17.1 	20.1 	20.9 b	18.6 	18.9 	19.7 	19.3 
PC,ED5-8,Y25-64,M,BG34	14.1 	13.6 	13.3 	13.6 b	14.5 	14.9 	15.7 	15.8 b	17.7 	16.9 	16.4 	16.0 
PC,ED5-8,Y25-64,M,BG41	27.8 	28.3 	28.5 	27.3 b	26.8 	26.6 	28.1 	30.5 b	31.1 	31.8 	32.5 	33.8 
PC,ED5-8,Y25-64,M,BG42	12.1 	13.3 	13.6 	13.8 b	14.5 	14.8 	15.4 	15.9 b	16.2 	16.7 	16.7 	16.9 
PC,ED5-8,Y25-64,M,CH01	41.2 	41.5 	42.9 	40.0 b	40.5 	40.5 	39.9 	40.5 b	41.2 	43.7 	43.4 	44.3 
PC,ED5-8,Y25-64,M,CH02	36.6 	38.6 	38.9 	38.5 b	36.9 	39.1 	41.4 	42.3 b	42.6 	42.7 	45.8 	44.9 
PC,ED5-8,Y25-64,M,CH03	39.9 	44.7 	44.4 	40.5 b	40.3 	41.8 	46.4 	45.1 b	44.9 	47.1 	48.0 	49.2 
PC,ED5-8,Y25-64,M,CH04	45.2 	46.6 	48.6 	45.5 b	46.8 	48.6 	50.9 	51.1 b	52.7 	54.7 	55.6 	55.5 
PC,ED5-8,Y25-64,M,CH05	36.6 	39.0 	41.1 	38.7 b	37.8 	37.7 	39.1 	41.0 b	40.5 	41.5 	42.9 	44.3 
PC,ED5-8,Y25-64,M,CH06	39.4 	41.6 	43.8 	39.4 b	38.8 	41.4 	42.7 	42.9 b	43.6 	48.2 	49.6 	50.3 
PC,ED5-8,Y25-64,M,CH07	31.8 	34.6 	35.4 	31.5 b	30.7 	31.5 	33.8 	35.8 b	40.1 	39.1 	40.3 	42.6 
PC,ED5-8,Y25-64,M,CY00	32.7 	33.9 	33.4 b	34.6 	35.0 	37.4 	37.4 	37.3 b	37.3 	37.8 	38.5 	39.6 
PC,ED5-8,Y25-64,M,CZ01	30.1 	32.1 	31.1 	36.2 	39.4 b	38.4 	39.5 	40.3 b	40.4 	44.2 	46.0 	46.1 
PC,ED5-8,Y25-64,M,CZ02	11.4 	13.2 	14.0 	15.2 	17.2 b	18.1 	19.1 	21.4 b	20.9 	20.0 	21.6 	22.2 
PC,ED5-8,Y25-64,M,CZ03	13.5 	13.2 	14.9 	14.2 	15.1 b	16.4 	16.1 	16.0 b	16.9 	16.9 	18.0 	17.5 
PC,ED5-8,Y25-64,M,CZ04	7.6 	7.0 	9.5 	9.0 	8.6 b	10.8 	11.7 	13.9 b	12.9 	13.2 	12.4 	11.7 
PC,ED5-8,Y25-64,M,CZ05	12.3 	12.7 	12.4 	13.1 	14.8 b	15.2 	16.6 	16.4 b	16.2 	18.5 	18.7 	19.4 
PC,ED5-8,Y25-64,M,CZ06	17.4 	17.2 	18.6 	19.4 	19.9 b	21.0 	22.1 	22.4 b	22.5 	24.4 	24.1 	24.1 
PC,ED5-8,Y25-64,M,CZ07	13.1 	13.3 	13.5 	14.1 	15.5 b	14.9 	15.3 	17.6 b	19.8 	18.2 	17.0 	16.9 
PC,ED5-8,Y25-64,M,CZ08	12.4 	12.2 	14.4 	15.6 	15.3 b	16.1 	17.6 	16.2 b	17.0 	17.9 	19.2 	18.8 
PC,ED5-8,Y25-64,M,DE11	32.9 	36.0 	36.8 	37.1 b	37.0 	37.4 	38.1 	37.3 b	38.0 	38.7 	38.1 	37.9 
PC,ED5-8,Y25-64,M,DE12	32.0 	33.6 	35.2 	34.4 b	35.4 	35.3 	35.0 	35.7 b	36.2 	37.7 	36.2 	35.8 
PC,ED5-8,Y25-64,M,DE13	31.3 	32.0 	33.3 	32.9 b	32.7 	33.1 	34.6 	32.0 b	32.6 	32.9 	33.3 	33.4 
PC,ED5-8,Y25-64,M,DE14	32.5 	33.6 	35.4 	36.8 b	37.3 	38.3 	38.3 	37.2 b	36.3 	36.9 	36.5 	36.0 
PC,ED5-8,Y25-64,M,DE21	35.9 	38.0 	38.5 	39.3 b	40.0 	40.5 	40.7 	41.8 b	41.8 	43.1 	43.6 	45.2 
PC,ED5-8,Y25-64,M,DE22	25.9 	26.0 	27.7 	27.8 b	26.3 	27.4 	27.4 	26.8 b	26.3 	27.6 	26.9 	25.9 
PC,ED5-8,Y25-64,M,DE23	24.9 	27.2 	27.2 	28.9 b	28.7 	30.7 	31.3 	31.1 b	31.1 	29.3 	29.4 	29.4 
PC,ED5-8,Y25-64,M,DE24	26.4 	28.8 	30.4 	29.9 b	30.8 	29.8 	30.0 	30.8 b	29.1 	27.6 	29.0 	28.9 
PC,ED5-8,Y25-64,M,DE25	30.0 	31.9 	31.9 	32.7 b	32.3 	33.3 	33.1 	32.9 b	33.0 	34.7 	34.7 	35.0 
PC,ED5-8,Y25-64,M,DE26	27.2 	30.0 	31.2 	32.7 b	30.3 	31.7 	31.8 	31.6 b	32.9 	32.9 	32.6 	31.9 
PC,ED5-8,Y25-64,M,DE27	27.0 	27.8 	29.8 	30.6 b	30.8 	30.4 	30.9 	30.7 b	31.0 	29.4 	31.7 	31.2 
PC,ED5-8,Y25-64,M,DE30	34.7 	33.5 	34.0 	35.1 b	35.4 	35.4 	35.4 	34.9 b	35.2 	38.3 	39.0 	40.6 
PC,ED5-8,Y25-64,M,DE40	28.3 	29.0 	29.4 	29.0 b	28.8 	27.8 	27.6 	26.9 b	26.6 	25.8 	25.7 	27.2 
PC,ED5-8,Y25-64,M,DE50	23.4 	25.5 	24.7 	27.3 b	29.8 	28.2 	26.6 	26.7 b	26.8 	28.6 	29.4 	28.2 
PC,ED5-8,Y25-64,M,DE60	27.6 	28.6 	31.0 	31.8 b	32.8 	31.5 	31.3 	33.3 b	34.8 	36.7 	35.9 	37.2 
PC,ED5-8,Y25-64,M,DE71	31.9 	31.9 	33.2 	33.9 b	35.6 	36.3 	35.8 	36.4 b	36.2 	36.9 	37.9 	36.9 
PC,ED5-8,Y25-64,M,DE72	28.6 	28.5 	30.1 	30.5 b	31.4 	33.4 	33.7 	31.1 b	31.6 	33.5 	32.2 	30.8 
PC,ED5-8,Y25-64,M,DE73	27.7 	29.1 	28.3 	28.4 b	29.5 	28.1 	30.7 	27.0 b	28.2 	28.1 	29.7 	29.4 
PC,ED5-8,Y25-64,M,DE80	24.2 	25.4 	25.4 	25.7 b	25.1 	24.3 	23.0 	22.5 b	24.8 	24.4 	25.3 	23.7 
PC,ED5-8,Y25-64,M,DE91	25.8 	26.2 	25.1 	26.1 b	27.8 	29.3 	30.1 	30.1 b	30.5 	29.7 	31.2 	32.5 
PC,ED5-8,Y25-64,M,DE92	27.0 	26.9 	29.2 	30.2 b	29.2 	29.1 	29.1 	28.6 b	29.7 	28.6 	28.2 	30.2 
PC,ED5-8,Y25-64,M,DE93	23.0 	23.2 	25.0 	25.5 b	27.0 	27.3 	26.8 	25.4 b	26.8 	25.6 	26.1 	26.5 
PC,ED5-8,Y25-64,M,DE94	23.3 	24.6 	25.5 	24.0 b	24.5 	25.0 	24.9 	23.9 b	24.5 	23.1 	23.7 	24.1 
PC,ED5-8,Y25-64,M,DEA1	24.8 	26.1 	27.2 	27.0 b	28.0 	28.4 	27.6 	27.7 b	28.6 	30.0 	29.4 	28.6 
PC,ED5-8,Y25-64,M,DEA2	30.5 	30.7 	32.1 	31.2 b	31.3 	31.6 	32.1 	31.6 b	31.6 	33.0 	33.1 	32.6 
PC,ED5-8,Y25-64,M,DEA3	25.1 	25.4 	26.6 	26.9 b	27.0 	27.1 	27.4 	27.3 b	28.2 	28.4 	27.6 	27.8 
PC,ED5-8,Y25-64,M,DEA4	22.1 	24.1 	24.6 	24.0 b	24.1 	25.6 	25.1 	25.7 b	24.9 	26.9 	26.1 	26.5 
PC,ED5-8,Y25-64,M,DEA5	20.9 	22.8 	24.1 	23.6 b	24.2 	24.9 	25.4 	25.3 b	26.4 	26.4 	25.3 	26.1 
PC,ED5-8,Y25-64,M,DEB1	24.0 	25.7 	23.9 	25.3 b	26.8 	27.5 	27.0 	27.5 b	27.7 	27.9 	29.2 	30.0 
PC,ED5-8,Y25-64,M,DEB2	27.5 	27.1 	29.2 	28.4 b	30.2 	30.9 	30.6 	30.7 b	29.9 	29.9 	31.7 	32.9 
PC,ED5-8,Y25-64,M,DEB3	28.8 	31.1 	30.6 	32.2 b	32.5 	32.8 	33.4 	31.8 b	33.0 	31.3 	30.9 	32.2 
PC,ED5-8,Y25-64,M,DEC0	17.9 	22.2 	23.9 	26.6 b	26.2 	27.0 	26.9 	25.5 b	23.9 	27.9 	27.1 	27.9 
PC,ED5-8,Y25-64,M,DED2	31.5 	31.8 	30.3 	30.6 b	30.6 	29.9 	30.4 	31.0 b	31.2 	31.7 	31.4 	32.4 
PC,ED5-8,Y25-64,M,DED4	26.3 	27.0 	25.5 	26.0 b	25.8 	24.8 	26.4 	25.6 b	26.8 	23.3 	23.9 	24.4 
PC,ED5-8,Y25-64,M,DED5	30.5 	29.1 	29.7 	30.6 b	29.2 	30.5 	30.0 	28.6 b	29.9 	30.2 	31.4 	32.0 
PC,ED5-8,Y25-64,M,DEE0	21.3 	22.2 	22.8 	23.2 b	23.0 	23.1 	22.8 	22.6 b	22.2 	21.5 	20.2 	19.5 
PC,ED5-8,Y25-64,M,DEF0	24.5 	27.1 	25.9 	25.9 b	27.3 	27.1 	26.9 	26.7 b	27.2 	27.9 	27.5 	27.0 
PC,ED5-8,Y25-64,M,DEG0	25.8 	26.2 	25.8 	26.2 b	27.5 	27.7 	26.6 	25.7 b	24.3 	25.7 	25.5 	26.6 
PC,ED5-8,Y25-64,M,DK01	38.1 b	37.4 	37.1 	39.6 	41.9 	42.2 	42.7 	44.2 b	44.2 	45.6 b	44.6 b	46.1 
PC,ED5-8,Y25-64,M,DK02	23.3 b	24.8 	23.6 	23.3 	22.9 	22.5 	23.2 	22.5 b	23.3 	24.8 b	25.1 b	24.8 
PC,ED5-8,Y25-64,M,DK03	23.8 b	24.2 	23.9 	25.5 	23.7 	23.8 	23.1 	25.6 b	25.3 	26.0 b	28.3 b	27.6 
PC,ED5-8,Y25-64,M,DK04	25.7 b	27.4 	27.9 	28.4 	25.9 	26.3 	27.7 	28.1 b	28.7 	31.4 b	31.7 b	32.3 
PC,ED5-8,Y25-64,M,DK05	21.8 b	23.3 	26.7 	25.4 	23.5 	22.9 	22.6 	22.9 b	23.7 	26.5 b	27.0 b	26.6 
PC,ED5-8,Y25-64,M,EE00	26.1 	26.3 	26.6 	26.5 	28.1 	28.9 	28.3 	28.5 b	28.4 	29.3 	29.9 	31.0 
PC,ED5-8,Y25-64,M,EL30	29.1 	29.5 	28.5 b	30.5 	32.4 	33.8 	36.1 	37.0 b	37.0 	37.1 	37.3 	39.1 
PC,ED5-8,Y25-64,M,EL41	17.9 	20.0 	20.4 b	17.1 	17.1 	20.7 	31.2 	26.0 b	21.6 	25.7 	22.9 	21.6 
PC,ED5-8,Y25-64,M,EL42	13.6 	12.1 	11.9 b	12.5 	16.3 	16.8 	16.1 	15.7 b	18.0 	16.1 	21.2 	22.3 
PC,ED5-8,Y25-64,M,EL43	21.2 	20.4 	18.7 b	18.9 	20.3 	19.6 	20.4 	20.3 b	22.9 	23.8 	25.3 	25.2 
PC,ED5-8,Y25-64,M,EL51	17.9 	18.7 	19.2 b	18.1 	19.2 	19.4 	19.0 	19.6 b	22.3 	23.3 	24.5 	24.0 
PC,ED5-8,Y25-64,M,EL52	22.0 	22.6 	23.8 b	24.1 	25.0 	25.8 	26.1 	26.0 b	27.3 	28.8 	28.1 	29.6 
PC,ED5-8,Y25-64,M,EL53	17.0 	16.7 	14.9 b	15.6 	15.6 	15.2 	19.8 	22.4 b	20.9 	19.8 	20.6 	21.8 
PC,ED5-8,Y25-64,M,EL54	19.0 	18.4 	17.5 b	18.8 	21.9 	23.1 	25.1 	23.8 b	24.6 	26.6 	27.3 	30.1 
PC,ED5-8,Y25-64,M,EL61	21.6 	22.2 	24.1 b	23.8 	24.9 	24.0 	24.3 	25.1 b	24.1 	23.7 	27.6 	29.3 
PC,ED5-8,Y25-64,M,EL62	12.2 	13.4 	13.5 b	15.6 	15.9 	15.5 	17.7 	17.1 b	17.2 	19.0 	19.0 	20.8 
PC,ED5-8,Y25-64,M,EL63	20.5 	17.5 	17.2 b	20.0 	20.4 	19.0 	21.3 	22.8 b	21.4 	20.2 	22.1 	19.7 
PC,ED5-8,Y25-64,M,EL64	14.3 	14.6 	16.1 b	16.4 	18.0 	18.5 	17.8 	16.7 b	16.5 	18.9 	21.6 	22.1 
PC,ED5-8,Y25-64,M,EL65	16.4 	17.1 	14.9 b	15.8 	16.7 	16.3 	19.0 	19.1 b	20.2 	21.0 	22.6 	23.3 
PC,ED5-8,Y25-64,M,ES11	27.1 	27.6 	27.7 	28.0 	29.4 	29.5 	29.6 	30.4 b	32.1 	32.0 	32.9 	33.4 
PC,ED5-8,Y25-64,M,ES12	29.0 	29.8 	32.0 	32.9 	34.6 	34.7 	36.9 	37.2 b	37.2 	37.7 	39.9 	40.9 
PC,ED5-8,Y25-64,M,ES13	31.6 	32.9 	32.9 	35.1 	34.7 	35.6 	35.9 	35.2 b	36.0 	35.3 	38.0 	36.9 
PC,ED5-8,Y25-64,M,ES21	44.3 	43.7 	43.7 	44.2 	45.8 	46.5 	46.1 	46.2 b	46.8 	47.1 	48.1 	48.1 
PC,ED5-8,Y25-64,M,ES22	37.7 	34.4 	33.1 	35.5 	38.0 	37.2 	38.8 	41.2 b	40.5 	41.9 	42.3 	40.8 
PC,ED5-8,Y25-64,M,ES23	30.8 	29.0 	33.2 	34.3 	31.3 	31.3 	33.6 	34.8 b	36.8 	33.4 	35.3 	36.2 
PC,ED5-8,Y25-64,M,ES24	32.6 	31.5 	30.9 	33.1 	34.6 	33.7 	32.1 	32.9 b	33.0 	33.5 	34.5 	35.8 
PC,ED5-8,Y25-64,M,ES30	39.4 	40.3 	39.0 	41.3 	42.5 	44.0 	46.0 	47.5 b	45.1 	45.0 	45.6 	46.2 
PC,ED5-8,Y25-64,M,ES41	26.9 	27.0 	27.8 	28.7 	30.4 	31.0 	31.0 	30.8 b	30.6 	29.6 	30.7 	31.9 
PC,ED5-8,Y25-64,M,ES42	21.8 	20.4 	21.8 	21.9 	24.4 	24.2 	24.3 	25.1 b	25.7 	24.6 	24.6 	25.7 
PC,ED5-8,Y25-64,M,ES43	19.8 	21.3 	20.9 	20.9 	21.7 	20.4 	21.8 	24.6 b	23.7 	21.6 	24.2 	22.5 
PC,ED5-8,Y25-64,M,ES51	28.4 	29.2 	29.6 	29.6 	30.3 	30.3 	31.9 	34.6 b	34.4 	35.2 	36.5 	38.3 
PC,ED5-8,Y25-64,M,ES52	25.5 	25.5 	25.5 	26.8 	28.0 	28.5 	30.0 	30.9 b	30.2 	30.6 	30.3 	32.0 
PC,ED5-8,Y25-64,M,ES53	19.6 	18.3 	19.4 	20.5 	21.0 	22.9 	24.9 	24.4 b	23.9 	26.4 	29.1 	25.8 
PC,ED5-8,Y25-64,M,ES61	23.5 	24.3 	24.3 	24.3 	24.6 	25.7 	26.0 	25.6 b	26.3 	26.9 	27.3 	28.2 
PC,ED5-8,Y25-64,M,ES62	23.7 	24.9 	24.3 	23.9 	24.5 	24.5 	26.6 	26.4 b	26.9 	26.4 	27.5 	29.3 
PC,ED5-8,Y25-64,M,ES63	18.3 u	24.7 	24.5 	20.3 u	16.5 u	20.2 u	19.3 u	21.2 b	28.0 	27.7 	26.7 	23.5 
PC,ED5-8,Y25-64,M,ES64	23.6 u	25.9 u	25.7 u	23.4 u	31.0 	25.9 	26.8 	32.2 b	30.7 	27.4 	27.7 	27.0 
PC,ED5-8,Y25-64,M,ES70	23.3 	21.8 	21.8 	21.7 	22.1 	23.8 	25.3 	24.3 b	24.3 	27.4 	27.7 	28.5 
PC,ED5-8,Y25-64,M,FI19	28.2 	28.0 	29.2 	30.8 	30.1 	29.9 	32.1 	32.5 b	34.1 	33.9 	33.9 	34.9 
PC,ED5-8,Y25-64,M,FI1B	41.1 	40.6 	40.6 	42.0 	43.2 	42.8 	43.6 	44.4 b	45.3 	45.5 	44.9 	45.9 
PC,ED5-8,Y25-64,M,FI1C	28.0 	28.1 	27.4 	27.8 	29.6 	30.6 	30.1 	31.1 b	32.4 	32.1 	32.0 	31.5 
PC,ED5-8,Y25-64,M,FI1D	25.3 	25.4 	26.1 	26.7 	26.9 	27.3 	27.9 	30.0 b	29.1 	29.8 	30.6 	31.1 
PC,ED5-8,Y25-64,M,FI20	: u	: u	: u	: u	: u	32.8 u	32.2 u	30.3 bu	28.0 u	: u	: u	30.6 u
PC,ED5-8,Y25-64,M,FR10	38.9 	36.8 	38.4 	39.2 	40.0 	40.4 	41.7 b	42.7 b	45.3 	46.7 	46.7 	47.3 
PC,ED5-8,Y25-64,M,FRB0	18.9 	19.4 	21.5 	22.5 	22.5 	25.2 	24.4 b	24.4 b	25.1 	26.6 	28.1 	30.0 
PC,ED5-8,Y25-64,M,FRC1	17.1 	17.3 	20.8 	20.3 	18.7 	21.6 	23.4 b	25.3 b	22.7 	24.1 	26.2 	27.6 
PC,ED5-8,Y25-64,M,FRC2	19.3 	21.9 	22.1 	19.5 	21.1 	21.0 	24.1 b	25.4 b	22.8 	26.9 	31.4 	30.3 
PC,ED5-8,Y25-64,M,FRD1	21.1 	22.0 	22.3 	22.5 	21.6 	20.7 	22.0 b	21.4 b	22.7 	20.8 	21.2 	24.9 
PC,ED5-8,Y25-64,M,FRD2	19.3 	17.0 	17.1 	20.1 	22.1 	24.4 	22.9 b	21.2 b	23.3 	24.2 	25.7 	23.3 
PC,ED5-8,Y25-64,M,FRE1	22.1 	22.4 	24.0 	25.2 	24.8 	25.3 	26.4 b	26.9 b	25.4 	26.1 	26.8 	30.4 
PC,ED5-8,Y25-64,M,FRE2	15.8 	18.5 	19.5 	17.7 	17.9 	18.7 	19.5 b	20.3 b	21.7 	20.3 	22.2 	25.9 
PC,ED5-8,Y25-64,M,FRF1	24.3 	27.6 	28.0 	30.5 	28.9 	27.7 	29.3 b	29.8 b	29.5 	30.2 	30.1 	31.5 
PC,ED5-8,Y25-64,M,FRF2	19.9 	19.4 	18.1 	19.8 	19.4 	20.2 	23.0 b	21.7 b	22.8 	22.2 	23.3 	27.0 
PC,ED5-8,Y25-64,M,FRF3	19.5 	18.6 	20.7 	23.4 	23.8 	24.2 	25.8 b	26.2 b	28.4 	27.7 	29.5 	28.3 
PC,ED5-8,Y25-64,M,FRG0	20.0 	20.7 	24.3 	23.7 	25.8 	26.6 	25.7 b	28.5 b	30.3 	30.2 	30.6 	31.2 
PC,ED5-8,Y25-64,M,FRH0	29.0 	25.3 	24.9 	25.4 	27.3 	28.7 	30.3 b	29.9 b	29.7 	30.9 	30.1 	33.9 
PC,ED5-8,Y25-64,M,FRI1	20.3 	21.8 	24.7 	27.3 	24.5 	24.2 	26.5 b	29.4 b	28.8 	29.0 	31.0 	32.7 
PC,ED5-8,Y25-64,M,FRI2	17.3 	20.1 	21.5 	19.2 	22.7 	26.3 	23.1 b	27.5 b	26.8 	26.7 	26.9 	29.5 
PC,ED5-8,Y25-64,M,FRI3	16.0 	16.8 	18.2 	17.9 	19.4 	19.8 	21.0 b	25.3 b	24.4 	23.3 	26.3 	27.5 
PC,ED5-8,Y25-64,M,FRJ1	22.4 	23.9 	24.2 	22.5 	23.7 	24.7 	25.9 b	28.2 b	28.6 	28.0 	28.6 	28.5 
PC,ED5-8,Y25-64,M,FRJ2	27.2 	28.6 	32.2 	33.8 	37.1 	34.8 	37.1 b	40.1 b	35.6 	35.9 	37.2 	41.4 
PC,ED5-8,Y25-64,M,FRK1	21.4 	25.6 	25.2 	20.7 	20.8 	23.5 	21.9 b	21.6 b	25.1 	27.5 	24.8 	24.2 
PC,ED5-8,Y25-64,M,FRK2	25.4 	25.4 	26.3 	27.5 	28.0 	30.4 	32.3 b	34.3 b	34.9 	35.6 	35.7 	37.1 
PC,ED5-8,Y25-64,M,FRL0	24.2 	24.1 	24.4 	25.2 	27.9 	29.1 	31.1 b	31.3 b	32.7 	34.1 	33.1 	34.5 
PC,ED5-8,Y25-64,M,FRM0	17.3 u	: u	12.1 u	14.9 u	14.9 u	18.7 u	18.9 bu	19.7 bu	24.2 	27.5 	34.1 	25.5 
PC,ED5-8,Y25-64,M,FRY1	: 	: 	: 	: 	: 	: 	: 	16.9 b	16.8 	17.9 	18.9 	19.4 
PC,ED5-8,Y25-64,M,FRY2	: 	: 	: 	: 	: 	: 	: 	20.2 b	20.6 	20.6 	21.1 	22.3 
PC,ED5-8,Y25-64,M,FRY3	: 	: 	: 	: 	: 	: 	: 	19.1 bu	19.0 u	17.1 u	19.1 u	21.5 
PC,ED5-8,Y25-64,M,FRY4	: 	: 	: 	: 	: 	: 	: 	17.7 b	19.0 	18.6 	18.1 	19.6 
PC,ED5-8,Y25-64,M,HR03	17.2 	16.7 	16.5 	19.6 b	18.4 	19.2 	19.5 	19.9 b	21.6 	19.7 	20.7 	23.3 
PC,ED5-8,Y25-64,M,HR04	14.5 	14.1 	14.6 	15.8 b	15.7 	15.8 	16.9 	19.0 b	19.3 	20.6 	20.7 	21.7 
PC,ED5-8,Y25-64,M,HU10	27.4 	28.9 	27.3 	27.8 	30.5 	29.8 	: 	: 	: 	: 	: 	: 
PC,ED5-8,Y25-64,M,HU11	: 	: 	: 	: 	: 	: 	39.2 	41.0 b	42.8 	41.0 	41.5 	46.1 
PC,ED5-8,Y25-64,M,HU12	: 	: 	: 	: 	: 	: 	20.1 	22.4 b	23.2 	22.5 	23.2 	22.3 
PC,ED5-8,Y25-64,M,HU21	12.2 	14.4 	13.7 	12.2 	13.4 	15.4 	15.5 	13.9 b	16.6 	16.1 	17.6 	17.3 
PC,ED5-8,Y25-64,M,HU22	12.2 	12.8 	14.3 	13.4 	15.3 	14.9 	14.5 	17.4 b	18.0 	16.0 	18.1 	16.9 
PC,ED5-8,Y25-64,M,HU23	11.6 	12.2 	13.2 	13.4 	13.7 	14.7 	14.3 	14.3 b	14.1 	15.2 	15.2 	13.7 
PC,ED5-8,Y25-64,M,HU31	10.6 	10.7 	12.9 	13.0 	12.4 	12.5 	13.0 	13.8 b	15.2 	13.6 	13.5 	14.1 
PC,ED5-8,Y25-64,M,HU32	12.3 	12.5 	12.7 	13.7 	13.4 	14.9 	14.8 	13.8 b	12.9 	13.3 	13.4 	13.7 
PC,ED5-8,Y25-64,M,HU33	13.5 	13.9 	14.3 	14.3 	14.2 	15.1 	15.0 	15.6 b	15.4 	16.3 	15.8 	16.4 
PC,ED5-8,Y25-64,M,IE01	24.3 b	26.4 	27.5 	29.6 	28.8 	: 	: 	: 	: 	: 	: 	: 
PC,ED5-8,Y25-64,M,IE02	34.6 b	35.6 	36.8 	37.6 	38.5 	: 	: 	: 	: 	: 	: 	: 
PC,ED5-8,Y25-64,M,IE04	: 	: 	: 	: 	: 	29.8 	32.2 	31.7 b	31.5 	32.7 	34.7 b	34.9 
PC,ED5-8,Y25-64,M,IE05	: 	: 	: 	: 	: 	33.2 	34.2 	34.4 b	35.5 	35.7 	38.0 b	37.4 
PC,ED5-8,Y25-64,M,IE06	: 	: 	: 	: 	: 	42.9 	44.6 	45.5 b	46.9 	47.1 	48.7 b	49.6 
PC,ED5-8,Y25-64,M,IS00	27.9 	28.1 	29.0 	27.4 	28.2 	29.0 	29.7 	31.1 b	31.7 	32.9 	34.8 	35.3 
PC,ED5-8,Y25-64,M,ITC1	11.9 	12.5 	12.7 	13.2 	12.7 	13.1 	14.1 	14.8 b	14.5 	14.9 	15.5 	16.3 
PC,ED5-8,Y25-64,M,ITC2	10.1 	10.2 	9.3 	10.1 	10.8 	12.9 	13.5 	12.3 b	12.5 	12.4 	13.8 	14.0 
PC,ED5-8,Y25-64,M,ITC3	14.9 	16.2 	16.3 	17.3 	15.8 	15.6 	18.3 	16.3 b	16.8 	16.7 	15.7 	18.1 
PC,ED5-8,Y25-64,M,ITC4	13.1 	13.9 	14.0 	14.1 	14.5 	14.9 	15.5 	16.1 b	17.1 	16.9 	17.5 	18.5 
PC,ED5-8,Y25-64,M,ITF1	12.2 	14.3 	13.5 	14.1 	14.9 	14.2 	14.5 	14.1 b	14.2 	13.8 	14.9 	16.4 
PC,ED5-8,Y25-64,M,ITF2	12.4 	12.8 	12.7 	12.4 	12.0 	13.6 	12.8 	13.2 b	15.0 	15.1 	16.5 	17.0 
PC,ED5-8,Y25-64,M,ITF3	10.3 	11.0 	11.7 	11.7 	11.5 	12.6 	13.3 	13.0 b	13.4 	13.7 	13.6 	13.1 
PC,ED5-8,Y25-64,M,ITF4	11.0 	11.5 	10.4 	10.7 	10.8 	11.8 	12.3 	12.7 b	11.5 	11.0 	11.8 	12.7 
PC,ED5-8,Y25-64,M,ITF5	11.6 	12.0 	10.6 	10.5 	10.2 	11.7 	13.0 	12.8 b	12.7 	12.9 	14.0 	13.1 
PC,ED5-8,Y25-64,M,ITF6	12.0 	12.0 	12.0 	11.9 	11.9 	12.6 	12.5 	12.6 b	13.1 	13.0 	12.6 	12.4 
PC,ED5-8,Y25-64,M,ITG1	11.0 	10.8 	11.3 	11.2 	11.1 	12.0 	12.2 	12.1 b	11.8 	11.4 	11.8 	12.3 
PC,ED5-8,Y25-64,M,ITG2	8.6 	8.5 	8.8 	9.8 	10.6 	11.2 	11.0 	10.5 b	11.7 	11.4 	12.2 	12.7 
PC,ED5-8,Y25-64,M,ITH1	10.5 	10.7 	10.9 	12.2 	12.6 	12.5 	12.8 	14.5 b	13.1 	13.6 	14.6 	14.8 
PC,ED5-8,Y25-64,M,ITH2	14.4 	14.3 	14.5 	15.0 	15.6 	15.0 	14.4 	16.3 b	15.8 	16.2 	18.2 	18.0 
PC,ED5-8,Y25-64,M,ITH3	11.5 	12.1 	12.2 	12.6 	12.5 	12.1 	12.8 	13.1 b	13.1 	13.4 	14.4 	15.4 
PC,ED5-8,Y25-64,M,ITH4	12.4 	11.5 	11.1 	11.6 	11.7 	15.3 	15.5 	15.8 b	15.7 	15.4 	16.8 	18.4 
PC,ED5-8,Y25-64,M,ITH5	12.8 	14.1 	14.4 	13.9 	14.8 	15.4 	15.1 	16.3 b	17.5 	17.5 	18.2 	18.9 
PC,ED5-8,Y25-64,M,ITI1	13.2 	13.2 	12.8 	13.3 	13.9 	14.4 	14.6 	15.3 b	17.2 	17.6 	17.7 	18.0 
PC,ED5-8,Y25-64,M,ITI2	11.8 	12.2 	12.5 	13.8 	13.6 	15.3 	16.6 	16.3 b	17.0 	18.1 	17.8 	17.8 
PC,ED5-8,Y25-64,M,ITI3	12.8 	11.7 	12.6 	13.8 	13.8 	14.3 	15.4 	15.1 b	15.0 	15.5 	16.9 	17.3 
PC,ED5-8,Y25-64,M,ITI4	17.1 	18.1 	17.6 	18.1 	18.4 	18.8 	19.0 	20.7 b	20.8 	20.8 	21.5 	22.4 
PC,ED5-8,Y25-64,M,LT00	23.8 	25.1 	25.3 	26.0 	27.0 	27.3 	: 	: 	: 	: 	: 	: 
PC,ED5-8,Y25-64,M,LT01	: 	: 	: 	: 	: 	: 	40.0 	41.8 b	44.2 	45.9 	46.5 	48.7 
PC,ED5-8,Y25-64,M,LT02	: 	: 	: 	: 	: 	: 	23.9 	25.9 b	26.7 	26.3 	27.0 	27.8 
PC,ED5-8,Y25-64,M,LU00	27.9 b	29.3 	37.6 b	38.9 	39.5 	41.9 	41.9 	47.8 b	41.1 b	42.9 u	39.0 u	43.0 
PC,ED5-8,Y25-64,M,LV00	17.3 	18.5 	18.9 	20.4 	20.3 	21.2 	23.0 	21.9 b	22.3 	24.1 	24.9 	24.9 
PC,ED5-8,Y25-64,M,ME00	: 	: 	: 	: 	19.4 	21.3 	21.9 	22.7 b	22.3 	23.6 	21.9 	21.3 
PC,ED5-8,Y25-64,M,MK00	14.5 	13.8 	14.6 	16.2 	17.5 	17.9 	16.3 	16.3 b	17.3 	19.2 	18.9 	18.4 
PC,ED5-8,Y25-64,M,MT00	13.2 	14.0 	13.6 	14.6 	16.7 b	17.8 	19.1 	21.1 b	20.4 	21.3 	23.9 	25.1 
PC,ED5-8,Y25-64,M,NL11	28.4 	27.5 	28.8 	33.7 	34.0 b	34.0 	31.2 b	29.2 b	32.9 	34.0 	34.5 	33.9 
PC,ED5-8,Y25-64,M,NL12	23.1 	21.2 	22.7 	27.3 	27.3 b	26.2 	25.0 b	23.7 b	23.6 	25.3 	27.0 	29.1 
PC,ED5-8,Y25-64,M,NL13	23.8 	24.5 	23.9 	26.0 	26.0 b	26.7 	26.6 b	28.2 b	28.5 	31.0 	27.9 	30.8 
PC,ED5-8,Y25-64,M,NL21	28.0 	28.8 	27.3 	30.2 	30.3 b	31.1 	31.3 b	32.3 b	32.0 	31.5 	32.6 	32.7 
PC,ED5-8,Y25-64,M,NL22	30.3 	31.2 	31.3 	33.3 	31.3 b	32.4 	33.3 b	34.2 b	33.8 	33.1 	33.6 	34.5 
PC,ED5-8,Y25-64,M,NL23	26.6 	27.6 	27.2 	30.6 	32.9 b	30.8 	31.4 b	30.7 b	32.2 	29.6 	31.0 	29.7 
PC,ED5-8,Y25-64,M,NL31	39.6 	42.1 	41.4 	43.0 	44.5 b	45.4 	45.4 b	45.4 b	45.9 	46.1 	48.3 	51.1 
PC,ED5-8,Y25-64,M,NL32	35.5 	36.4 	37.4 	39.8 	39.0 b	38.5 	39.9 b	41.2 b	41.3 	42.7 	43.1 	43.3 
PC,ED5-8,Y25-64,M,NL33	32.5 	33.8 	33.8 	34.0 	33.6 b	34.7 	36.6 b	35.4 b	37.4 	36.9 	38.3 	39.1 
PC,ED5-8,Y25-64,M,NL34	20.0 	24.5 	27.6 	24.6 	27.4 b	24.6 	23.7 b	24.9 b	25.5 	26.2 	28.5 	30.7 
PC,ED5-8,Y25-64,M,NL41	30.6 	31.1 	30.6 	31.8 	31.8 b	33.3 	33.5 b	34.0 b	34.2 	35.2 	34.7 	36.1 
PC,ED5-8,Y25-64,M,NL42	26.8 	28.2 	29.1 	28.3 	28.4 b	28.6 	30.8 b	28.3 b	31.1 	31.5 	32.0 	33.3 
PC,ED5-8,Y25-64,M,NO01	43.9 	45.6 	45.4 	45.9 	45.6 	46.6 	47.2 	50.8 b	49.8 	48.9 	50.3 	50.2 
PC,ED5-8,Y25-64,M,NO02	22.0 	19.6 	21.8 	23.9 	24.7 	24.9 	24.1 	26.7 b	28.5 	29.1 	30.9 	28.5 
PC,ED5-8,Y25-64,M,NO03	26.3 	27.2 	27.2 	26.8 	27.2 	29.2 	30.9 	32.7 b	33.6 	33.8 	32.5 	32.5 
PC,ED5-8,Y25-64,M,NO04	28.8 	27.4 	26.3 	28.5 	29.4 	30.9 	32.2 	34.9 b	37.3 	36.6 	36.0 	36.6 
PC,ED5-8,Y25-64,M,NO05	29.9 	30.3 	29.6 	31.8 	31.5 	32.0 	33.2 	38.2 b	39.0 	38.6 	38.7 	38.7 
PC,ED5-8,Y25-64,M,NO06	29.6 	31.1 	30.7 	33.5 	36.8 	34.8 	33.2 	36.5 b	37.7 	36.5 	36.9 	39.5 
PC,ED5-8,Y25-64,M,NO07	26.1 	26.5 	28.1 	28.9 	28.0 	24.7 	25.5 	31.7 b	32.7 	32.6 	32.4 	34.9 
PC,ED5-8,Y25-64,M,PL21	16.2 	16.9 	18.1 	19.6 b	20.0 	21.2 	22.1 	22.9 b	23.6 	25.5 b	28.6 	27.1 
PC,ED5-8,Y25-64,M,PL22	15.0 	15.3 	17.7 	18.7 b	20.1 	20.0 	20.2 	20.9 b	20.9 	22.0 b	23.2 	24.6 
PC,ED5-8,Y25-64,M,PL41	14.0 	14.5 	14.3 	17.2 b	18.4 	19.1 	19.6 	20.2 b	20.8 	20.2 b	20.5 	21.5 
PC,ED5-8,Y25-64,M,PL42	16.4 	15.7 	16.0 	17.4 b	17.8 	19.3 	21.2 	20.9 b	20.4 	21.4 b	21.5 	22.7 
PC,ED5-8,Y25-64,M,PL43	12.3 	12.0 	12.9 	15.1 b	15.9 	15.3 	17.5 	19.1 b	18.5 	18.0 b	19.3 	20.5 
PC,ED5-8,Y25-64,M,PL51	16.9 	16.4 	17.3 	18.0 b	18.5 	20.1 	22.0 	23.6 b	22.3 	24.1 b	24.5 	25.8 
PC,ED5-8,Y25-64,M,PL52	15.0 	16.3 	14.0 	15.4 b	14.7 	15.9 	16.7 	18.4 b	20.5 	20.2 b	20.8 	20.1 
PC,ED5-8,Y25-64,M,PL61	10.9 	14.1 	14.7 	15.0 b	15.9 	16.4 	17.5 	16.8 b	17.3 	18.7 b	20.1 	21.0 
PC,ED5-8,Y25-64,M,PL62	12.6 	13.1 	17.3 	16.5 b	14.7 	13.8 	16.2 	17.6 b	18.2 	18.5 b	18.0 	18.9 
PC,ED5-8,Y25-64,M,PL63	16.2 	16.5 	17.6 	19.4 b	20.6 	22.4 	23.1 	22.7 b	23.5 	26.8 b	28.1 	28.0 
PC,ED5-8,Y25-64,M,PL71	15.3 	16.0 	16.1 	16.8 b	17.6 	18.7 	18.7 	20.7 b	21.7 	21.7 b	22.6 	22.5 
PC,ED5-8,Y25-64,M,PL72	14.1 	15.1 	17.0 	16.9 b	17.0 	18.6 	20.0 	20.0 b	19.8 	21.5 b	20.4 	21.1 
PC,ED5-8,Y25-64,M,PL81	14.8 	15.7 	17.0 	17.3 b	16.9 	19.0 	20.1 	21.2 b	21.6 	20.3 b	20.9 	22.7 
PC,ED5-8,Y25-64,M,PL82	13.9 	16.4 	17.3 	17.4 b	17.1 	18.5 	18.9 	19.1 b	20.7 	21.8 b	22.6 	23.1 
PC,ED5-8,Y25-64,M,PL84	15.6 	15.0 	16.0 	17.5 b	18.4 	19.0 	20.1 	21.4 b	22.1 	22.7 b	23.7 	25.6 
PC,ED5-8,Y25-64,M,PL91	: 	: 	: 	: 	: 	: 	44.4 	47.9 b	46.5 	47.7 b	51.9 	51.2 
PC,ED5-8,Y25-64,M,PL92	: 	: 	: 	: 	: 	: 	15.2 	16.1 b	16.6 	16.0 b	15.7 	17.2 
PC,ED5-8,Y25-64,M,PT11	8.8 	9.6 	10.3 	10.0 	12.3 b	13.9 	13.4 	14.3 b	14.9 	16.1 	16.3 	17.1 
PC,ED5-8,Y25-64,M,PT15	9.5 	9.3 	11.3 	11.9 	13.6 b	14.1 	14.7 	15.5 b	14.4 	16.4 	18.0 	16.1 
PC,ED5-8,Y25-64,M,PT16	8.4 	7.7 	7.8 	8.6 	11.0 b	12.7 	12.8 	14.2 b	17.5 	19.0 	17.5 	17.5 
PC,ED5-8,Y25-64,M,PT17	17.7 	18.3 	19.4 	19.9 	21.7 b	22.1 	22.2 	26.7 b	27.6 	27.5 	27.1 	27.9 
PC,ED5-8,Y25-64,M,PT18	7.8 	9.7 	8.3 	9.4 	11.5 b	10.1 	10.9 	11.6 b	13.0 	13.8 	14.1 	15.2 
PC,ED5-8,Y25-64,M,PT20	: u	: u	: u	6.9 	7.1 b	8.1 	7.6 	8.8 b	10.9 	11.0 	11.6 	11.1 
PC,ED5-8,Y25-64,M,PT30	7.2 	9.3 	8.3 	8.1 	10.7 b	10.9 	12.4 	13.0 b	12.6 	14.0 	15.8 	16.4 
PC,ED5-8,Y25-64,M,RO11	11.9 	12.9 	12.4 	12.8 b	13.1 	13.9 	14.2 	14.2 b	16.9 	16.4 	15.6 	16.1 
PC,ED5-8,Y25-64,M,RO12	12.2 	12.1 	12.1 	11.6 b	12.3 	12.9 	14.5 	14.4 b	16.9 	16.8 	17.5 	17.0 
PC,ED5-8,Y25-64,M,RO21	10.2 	10.5 	10.4 	11.4 b	11.8 	12.0 	11.3 	11.6 b	10.9 	10.8 	11.2 	11.7 
PC,ED5-8,Y25-64,M,RO22	9.3 	9.4 	9.5 	10.1 b	11.2 	11.6 	11.1 	11.4 b	12.0 	12.1 	11.4 	11.9 
PC,ED5-8,Y25-64,M,RO31	8.9 	8.6 	9.0 	10.0 b	10.6 	10.8 	10.9 	11.0 b	12.4 	12.7 	12.0 	11.8 
PC,ED5-8,Y25-64,M,RO32	27.3 	28.8 	28.5 	29.4 b	31.4 	31.2 	31.4 	33.5 b	33.3 	34.5 	34.7 	35.9 
PC,ED5-8,Y25-64,M,RO41	11.4 	13.0 	13.1 	13.0 b	12.9 	13.6 	14.1 	14.9 b	15.7 	16.0 	15.3 	14.0 
PC,ED5-8,Y25-64,M,RO42	12.2 	13.3 	14.7 	14.2 b	15.5 	16.6 	15.2 	14.0 b	15.7 	15.4 	16.0 	15.5 
PC,ED5-8,Y25-64,M,RS11	: 	: 	: 	: 	: 	: 	28.8 	30.0 b	31.2 	29.3 	32.7 	34.0 
PC,ED5-8,Y25-64,M,RS12	: 	: 	: 	: 	: 	: 	13.9 	16.0 b	15.6 	17.0 	17.0 	17.4 
PC,ED5-8,Y25-64,M,RS21	: 	: 	: 	: 	: 	: 	14.3 	13.0 b	14.2 	15.0 	14.6 	14.5 
PC,ED5-8,Y25-64,M,RS22	: 	: 	: 	: 	: 	: 	16.4 	14.9 b	17.0 	18.2 	16.4 	17.8 
PC,ED5-8,Y25-64,M,SE11	36.5 	37.3 	37.6 	37.9 	39.5 	40.2 	41.2 	42.9 b	44.2 	46.2 	46.8 	47.4 
PC,ED5-8,Y25-64,M,SE12	23.8 	24.0 	25.2 	25.8 	26.4 	27.5 	29.1 	30.6 b	29.1 	29.5 	31.3 	32.4 
PC,ED5-8,Y25-64,M,SE21	20.4 	21.4 	21.3 	21.5 	21.4 	21.6 	22.7 	24.2 b	24.8 	26.1 	26.5 	29.5 
PC,ED5-8,Y25-64,M,SE22	28.7 	29.5 	30.9 	31.7 	31.5 	31.8 	32.1 	33.2 b	35.1 	37.1 	38.3 	39.6 
PC,ED5-8,Y25-64,M,SE23	26.3 	25.9 	26.9 	28.1 	28.5 	29.2 	30.6 	32.4 b	32.2 	33.7 	34.7 	35.4 
PC,ED5-8,Y25-64,M,SE31	16.6 	16.7 	18.6 	20.2 	21.0 	21.5 	20.5 	20.8 b	22.7 	24.9 	26.0 	25.9 
PC,ED5-8,Y25-64,M,SE32	20.8 	22.7 	23.5 	24.1 	21.2 	20.6 	22.3 	22.8 b	23.0 	24.1 	25.3 	29.1 
PC,ED5-8,Y25-64,M,SE33	25.0 	25.3 	24.4 	25.4 	25.5 	26.5 	29.4 	29.5 b	28.6 	27.7 	29.0 	31.7 
PC,ED5-8,Y25-64,M,SI01	14.4 	15.2 	15.1 	: 	: 	: 	: 	: 	: 	: 	: 	: 
PC,ED5-8,Y25-64,M,SI02	24.0 	23.4 	23.5 	: 	: 	: 	: 	: 	: 	: 	: 	: 
PC,ED5-8,Y25-64,M,SI03	: 	: 	: 	15.3 	16.4 	17.4 	18.7 	20.5 b	21.1 	20.8 	21.9 	22.2 
PC,ED5-8,Y25-64,M,SI04	: 	: 	: 	24.6 	24.9 	25.6 	27.6 	26.9 b	27.6 	28.4 	30.7 	31.3 
PC,ED5-8,Y25-64,M,SK01	28.0 	28.5 	30.2 	31.4 	36.8 b	35.5 	35.1 	36.8 b	34.8 	36.0 	38.1 	37.9 
PC,ED5-8,Y25-64,M,SK02	12.6 	12.0 	12.6 	12.3 	13.8 b	13.7 	14.9 	15.4 b	15.8 	16.3 	17.8 	18.3 
PC,ED5-8,Y25-64,M,SK03	11.7 	13.7 	14.4 	15.7 	14.3 b	14.8 	16.3 	14.8 b	16.6 	17.4 	17.6 	17.4 
PC,ED5-8,Y25-64,M,SK04	12.5 	12.4 	11.8 	13.3 	14.8 b	14.5 	16.0 	17.3 b	16.5 	16.3 	16.5 	20.4 
PC,ED5-8,Y25-64,M,TR10	14.2 	15.9 	15.7 	14.6 	16.2 	19.3 	20.2 	20.2 b	22.0 	23.8 	24.2 	25.1 
PC,ED5-8,Y25-64,M,TR21	10.8 	14.9 	13.8 	12.6 	13.2 	14.8 	15.2 	14.8 b	14.7 	16.1 	18.2 	19.6 
PC,ED5-8,Y25-64,M,TR22	10.2 	9.7 	10.1 	12.6 	14.3 	15.7 	15.9 	18.9 b	20.6 	21.6 	21.8 	22.4 
PC,ED5-8,Y25-64,M,TR31	17.0 	20.1 	21.9 	21.0 	20.6 	21.0 	20.3 	20.3 b	21.8 	23.1 	25.2 	26.0 
PC,ED5-8,Y25-64,M,TR32	11.1 	11.5 	11.9 	13.6 	14.4 	14.0 	13.8 	15.6 b	16.1 	17.7 	18.8 	19.2 
PC,ED5-8,Y25-64,M,TR33	9.4 	9.7 	9.3 	11.5 	12.2 	10.9 	9.9 	14.2 b	16.0 	16.3 	15.9 	17.1 
PC,ED5-8,Y25-64,M,TR41	11.1 	12.5 	13.7 	12.3 	13.7 	15.5 	17.3 	18.3 b	19.5 	19.9 	20.2 	21.8 
PC,ED5-8,Y25-64,M,TR42	12.2 	12.7 	12.1 	13.8 	15.4 	17.0 	20.5 	17.6 b	18.4 	19.8 	19.6 	19.8 
PC,ED5-8,Y25-64,M,TR51	23.4 	24.0 	26.5 	25.6 	26.1 	28.2 	28.1 	29.9 b	30.5 	30.4 	31.0 	31.5 
PC,ED5-8,Y25-64,M,TR52	12.0 	13.0 	14.7 	14.7 	14.9 	15.8 	15.8 	15.7 b	17.6 	18.7 	18.6 	18.0 
PC,ED5-8,Y25-64,M,TR61	11.9 	12.7 	12.7 	16.4 	16.9 	16.9 	18.7 	18.2 b	20.1 	22.9 	22.7 	23.7 
PC,ED5-8,Y25-64,M,TR62	13.0 	12.8 	11.3 	12.7 	14.0 	15.3 	14.9 	16.7 b	17.7 	17.8 	18.3 	19.2 
PC,ED5-8,Y25-64,M,TR63	10.4 	9.2 	9.0 	9.2 	11.4 	14.0 	12.7 	12.2 b	14.6 	15.7 	15.1 	15.3 
PC,ED5-8,Y25-64,M,TR71	9.8 	12.3 	11.8 	12.8 	13.3 	15.8 	16.1 	15.2 b	16.1 	14.4 	16.6 	17.7 
PC,ED5-8,Y25-64,M,TR72	12.1 	10.8 	13.0 	13.5 	12.4 	14.3 	18.1 	17.8 b	18.6 	18.0 	18.1 	18.0 
PC,ED5-8,Y25-64,M,TR81	8.4 	8.4 	10.6 	12.6 	13.3 	12.2 	12.5 	12.1 b	12.1 	13.9 	16.1 	18.0 
PC,ED5-8,Y25-64,M,TR82	10.3 	11.9 	12.5 	13.1 	14.7 	13.8 	12.8 	13.4 b	15.3 	16.3 	17.5 	18.1 
PC,ED5-8,Y25-64,M,TR83	12.0 	12.0 	12.6 	14.1 	13.5 	13.8 	13.4 	15.1 b	15.9 	16.8 	17.8 	16.9 
PC,ED5-8,Y25-64,M,TR90	13.1 	11.4 	10.5 	12.0 	13.4 	12.3 	14.3 	14.9 b	17.8 	20.2 	19.6 	19.3 
PC,ED5-8,Y25-64,M,TRA1	11.9 	14.1 	15.0 	13.4 	12.4 	16.8 	17.0 	13.6 b	15.2 	18.2 	20.9 	22.4 
PC,ED5-8,Y25-64,M,TRA2	7.0 	5.4 	6.9 	9.4 	8.9 	11.0 	10.1 	10.3 b	13.3 	11.6 	12.2 	11.6 
PC,ED5-8,Y25-64,M,TRB1	10.3 	9.0 	10.9 	13.1 	15.3 	14.7 	14.0 	20.5 b	21.2 	21.8 	21.5 	21.3 
PC,ED5-8,Y25-64,M,TRB2	6.5 	7.2 	9.4 	10.5 	12.1 	11.8 	10.2 	10.6 b	10.2 	11.5 	12.8 	13.6 
PC,ED5-8,Y25-64,M,TRC1	5.1 	5.5 	6.2 	9.9 	10.2 	10.9 	14.2 	14.4 b	16.2 	16.8 	15.7 	15.7 
PC,ED5-8,Y25-64,M,TRC2	7.9 	6.0 	7.9 	11.4 	11.3 	8.6 	10.1 	11.8 b	11.6 	13.8 	15.6 	13.8 
PC,ED5-8,Y25-64,M,TRC3	6.7 	5.2 	7.1 	10.2 	13.1 	13.4 	11.9 	11.0 b	14.0 	16.5 	17.0 	17.9 
PC,ED5-8,Y25-64,M,UKC1	23.4 b	23.5 b	24.4 	27.2 b	27.8 b	26.1 	26.8 	29.4 b	32.7 	29.6 	29.7 	29.5 
PC,ED5-8,Y25-64,M,UKC2	25.4 b	25.1 b	27.9 	28.9 b	30.8 b	29.0 	29.1 	29.3 b	33.1 	35.6 	33.6 	32.5 
PC,ED5-8,Y25-64,M,UKD1	30.3 b	27.3 b	28.2 	32.9 b	31.1 b	32.0 	32.4 	29.4 b	28.3 	33.2 	31.0 	29.1 
PC,ED5-8,Y25-64,M,UKD3	27.8 b	28.2 b	30.0 	31.1 b	35.1 b	34.7 	35.3 	37.5 b	37.8 	38.2 	37.2 	36.4 
PC,ED5-8,Y25-64,M,UKD4	28.4 b	28.2 b	30.4 	32.9 b	28.8 b	32.6 	28.7 	27.2 b	32.0 	35.4 	34.9 	35.1 
PC,ED5-8,Y25-64,M,UKD6	38.9 b	37.3 b	38.8 	40.8 b	41.8 b	42.5 	47.0 	45.8 b	40.9 	43.6 	46.7 	45.8 
PC,ED5-8,Y25-64,M,UKD7	25.0 b	27.5 b	27.5 	25.8 b	27.2 b	25.8 	30.1 	31.1 b	29.5 	32.9 	33.8 	31.9 
PC,ED5-8,Y25-64,M,UKE1	21.7 b	25.6 b	27.0 	28.7 b	28.7 b	27.1 	28.7 	28.2 b	32.0 	31.2 	30.3 	29.3 
PC,ED5-8,Y25-64,M,UKE2	33.5 b	36.0 b	37.8 	33.4 b	36.2 b	41.7 	42.1 	40.6 b	38.7 	40.0 	41.0 	45.8 
PC,ED5-8,Y25-64,M,UKE3	24.6 b	26.8 b	26.1 	26.7 b	27.0 b	30.6 	30.3 	30.8 b	31.7 	32.6 	35.6 	36.0 
PC,ED5-8,Y25-64,M,UKE4	25.9 b	26.8 b	30.2 	29.6 b	30.0 b	31.7 	31.4 	32.9 b	32.7 	33.8 	32.5 	33.6 
PC,ED5-8,Y25-64,M,UKF1	28.1 b	28.4 b	29.7 	30.9 b	32.3 b	30.9 	34.8 	34.3 b	36.6 	35.1 	34.5 	34.8 
PC,ED5-8,Y25-64,M,UKF2	29.3 b	29.4 b	28.3 	30.9 b	32.6 b	31.6 	34.4 	34.3 b	32.7 	34.2 	35.6 	37.1 
PC,ED5-8,Y25-64,M,UKF3	24.4 b	23.6 b	26.2 	29.8 b	26.6 b	25.6 	30.2 	28.5 b	32.0 	31.5 	34.6 	33.3 
PC,ED5-8,Y25-64,M,UKG1	33.9 b	32.6 b	34.2 	34.3 b	32.6 b	37.2 	38.0 	38.3 b	42.2 	40.9 	38.2 	37.9 
PC,ED5-8,Y25-64,M,UKG2	28.7 b	27.4 b	26.6 	27.4 b	29.5 b	30.0 	28.2 	28.0 b	33.3 	32.9 	33.3 	33.5 
PC,ED5-8,Y25-64,M,UKG3	25.2 b	25.2 b	26.4 	25.9 b	27.9 b	28.5 	28.3 	30.7 b	33.3 	32.2 	30.7 	30.2 
PC,ED5-8,Y25-64,M,UKH1	28.7 b	26.9 b	30.3 	32.5 b	31.4 b	37.5 	36.8 	34.8 b	34.7 	37.7 	36.2 	36.8 
PC,ED5-8,Y25-64,M,UKH2	32.7 b	32.7 b	34.7 	38.2 b	39.4 b	42.6 	41.2 	45.5 b	41.7 	45.4 	44.4 	45.0 
PC,ED5-8,Y25-64,M,UKH3	25.7 b	24.0 b	23.7 	25.3 b	25.7 b	28.7 	29.0 	29.8 b	32.1 	31.7 	35.3 	30.5 
PC,ED5-8,Y25-64,M,UKI1	47.6 b	48.9 b	51.4 	: 	: 	: 	: 	: 	: 	: 	: 	: 
PC,ED5-8,Y25-64,M,UKI2	37.4 b	38.4 b	39.5 	: 	: 	: 	: 	: 	: 	: 	: 	: 
PC,ED5-8,Y25-64,M,UKI3	: 	: 	: 	61.1 b	70.4 b	71.2 	67.0 	68.6 b	71.8 	75.9 	73.8 	73.7 
PC,ED5-8,Y25-64,M,UKI4	: 	: 	: 	51.6 b	56.4 b	61.1 	60.0 	58.3 b	60.4 	61.4 	61.5 	63.9 
PC,ED5-8,Y25-64,M,UKI5	: 	: 	: 	35.2 b	36.7 b	36.0 	41.0 	42.2 b	42.6 	44.2 	45.1 	45.2 
PC,ED5-8,Y25-64,M,UKI6	: 	: 	: 	46.2 b	47.1 b	46.9 	51.8 	48.8 b	55.0 	52.5 	51.1 	52.2 
PC,ED5-8,Y25-64,M,UKI7	: 	: 	: 	41.4 b	48.9 b	51.3 	54.2 	51.2 b	50.8 	55.5 	54.4 	55.4 
PC,ED5-8,Y25-64,M,UKJ1	38.8 b	39.7 b	41.6 	43.9 b	46.5 b	48.0 	47.9 	52.1 b	50.2 	49.8 	52.1 	52.6 
PC,ED5-8,Y25-64,M,UKJ2	39.4 b	37.6 b	39.3 	41.2 b	42.6 b	44.0 	43.0 	44.6 b	45.2 	45.3 	45.5 	47.2 
PC,ED5-8,Y25-64,M,UKJ3	31.4 b	31.7 b	33.0 	35.6 b	39.2 b	40.8 	42.1 	43.1 b	39.7 	38.6 	40.6 	39.5 
PC,ED5-8,Y25-64,M,UKJ4	28.4 b	28.2 b	28.3 	31.5 b	32.6 b	31.2 	33.7 	34.5 b	35.2 	36.0 	33.5 	33.4 
PC,ED5-8,Y25-64,M,UKK1	37.6 b	33.5 b	36.6 	37.2 b	39.6 b	41.4 	38.6 	43.5 b	44.9 	44.9 	46.1 	44.1 
PC,ED5-8,Y25-64,M,UKK2	28.3 b	29.3 b	29.5 	33.0 b	31.7 b	34.7 	35.8 	36.6 b	38.8 	40.6 	37.6 	38.0 
PC,ED5-8,Y25-64,M,UKK3	29.8 b	27.2 b	27.2 	30.3 b	33.0 b	30.8 	27.9 	32.1 b	26.5 	30.7 	36.3 	35.3 
PC,ED5-8,Y25-64,M,UKK4	28.7 b	32.5 b	32.8 	32.0 b	33.6 b	36.1 	31.9 	36.0 b	37.6 	35.8 	39.5 	40.1 
PC,ED5-8,Y25-64,M,UKL1	24.6 b	25.5 b	29.6 	31.1 b	30.4 b	29.9 	31.6 	30.6 b	33.8 	31.8 	32.4 	32.4 
PC,ED5-8,Y25-64,M,UKL2	33.1 b	34.3 b	35.5 	36.4 b	34.9 b	38.2 	38.6 	40.9 b	42.3 	43.3 	43.5 	41.8 
PC,ED5-8,Y25-64,M,UKM2	35.6 b	37.6 b	36.5 	37.4 b	40.9 b	45.6 	: 	: 	: 	: 	: 	: 
PC,ED5-8,Y25-64,M,UKM3	31.6 b	31.4 b	31.0 	31.9 b	38.5 b	37.5 	: 	: 	: 	: 	: 	: 
PC,ED5-8,Y25-64,M,UKM5	35.5 b	36.8 b	37.5 	40.8 b	44.8 b	42.1 	42.9 	45.2 b	48.3 	43.2 	46.4 	38.8 
PC,ED5-8,Y25-64,M,UKM6	32.7 b	30.9 b	37.2 	31.5 b	30.6 b	32.5 	40.9 	39.9 b	32.8 	36.1 	43.4 	43.5 
PC,ED5-8,Y25-64,M,UKM7	: 	: 	: 	: 	: 	: 	44.8 	45.9 b	48.1 	48.1 	48.3 	49.3 
PC,ED5-8,Y25-64,M,UKM8	: 	: 	: 	: 	: 	: 	40.4 	43.0 b	42.6 	46.3 	42.2 	40.0 
PC,ED5-8,Y25-64,M,UKM9	: 	: 	: 	: 	: 	: 	31.8 	37.1 b	34.4 	40.1 	35.8 	38.4 
PC,ED5-8,Y25-64,M,UKN0	26.0 b	26.2 b	25.2 	28.6 b	27.9 b	30.0 	30.2 	31.1 b	30.3 	31.7 	34.1 	33.9 
PC,ED5-8,Y25-64,T,AT11	13.2 	14.1 	15.1 	14.8 	14.8 	13.9 	15.8 	25.7 b	28.5 	27.9 	28.0 	28.4 
PC,ED5-8,Y25-64,T,AT12	15.0 	16.1 	17.6 	17.9 	17.2 	17.2 	17.6 	29.1 b	30.3 	30.2 	32.0 	31.9 
PC,ED5-8,Y25-64,T,AT13	22.6 	24.1 	26.0 	27.3 	26.6 	27.5 	30.6 	39.1 b	39.3 	39.9 	42.1 	42.3 
PC,ED5-8,Y25-64,T,AT21	16.0 	16.2 	17.2 	16.6 	16.3 	17.2 	17.3 	28.8 b	28.3 	29.4 	29.7 	30.6 
PC,ED5-8,Y25-64,T,AT22	15.9 	15.6 	16.6 	15.5 	16.8 	17.9 	17.5 	25.7 b	26.7 	27.4 	27.8 	28.7 
PC,ED5-8,Y25-64,T,AT31	16.4 	16.6 	16.4 	17.3 	16.9 	17.2 	17.2 	26.7 b	27.5 	29.1 	29.2 	29.0 
PC,ED5-8,Y25-64,T,AT32	18.1 	17.8 	19.4 	19.5 	19.8 	20.5 	21.8 	29.8 b	30.2 	31.5 	31.2 	32.3 
PC,ED5-8,Y25-64,T,AT33	16.2 	16.7 	17.0 	17.1 	18.8 	19.5 	19.1 	27.0 b	26.4 	28.2 	29.0 	29.9 
PC,ED5-8,Y25-64,T,AT34	16.2 	16.2 	16.6 	15.5 	16.8 	18.4 	19.0 	25.6 b	26.5 	27.7 	28.1 	27.6 
PC,ED5-8,Y25-64,T,BE10	41.0 	40.4 b	42.4 	42.1 	42.4 	42.7 	41.5 	43.5 b	43.4 	44.1 	46.6 b	47.5 
PC,ED5-8,Y25-64,T,BE21	30.6 	32.2 b	32.0 	35.2 	33.5 	35.3 	35.4 	38.1 b	37.6 	34.9 	38.2 b	40.0 
PC,ED5-8,Y25-64,T,BE22	27.8 	27.8 b	28.6 	29.3 	28.8 	30.7 	28.7 	31.1 b	32.1 	32.9 	35.4 b	35.8 
PC,ED5-8,Y25-64,T,BE23	31.3 	31.5 b	33.8 	34.7 	35.1 	34.9 	37.3 	36.7 b	37.5 	39.6 	42.6 b	42.8 
PC,ED5-8,Y25-64,T,BE24	40.5 	40.8 b	44.2 	44.6 	42.1 	43.6 	44.3 	45.8 b	44.7 	47.3 	50.7 b	48.7 
PC,ED5-8,Y25-64,T,BE25	28.5 	29.9 b	29.5 	30.2 	31.6 	32.1 	32.8 	33.0 b	32.8 	35.2 	37.4 b	37.3 
PC,ED5-8,Y25-64,T,BE31	47.6 	47.0 b	48.6 	49.5 	55.7 	51.2 	51.2 	51.9 b	54.1 	52.2 	57.1 b	58.4 
PC,ED5-8,Y25-64,T,BE32	24.9 	24.5 b	24.0 	28.8 	26.1 	27.2 	28.0 	28.1 b	27.2 	30.0 	31.1 b	31.4 
PC,ED5-8,Y25-64,T,BE33	30.5 	29.0 b	30.4 	31.4 	32.3 	31.6 	31.9 	33.1 b	33.9 	33.4 	35.6 b	35.9 
PC,ED5-8,Y25-64,T,BE34	29.2 	30.9 b	32.3 	32.2 	31.0 	33.8 	31.4 	35.1 b	36.9 	35.1 	37.1 b	38.8 
PC,ED5-8,Y25-64,T,BE35	30.4 	29.3 b	31.5 	33.1 	33.2 	34.3 	33.5 	36.7 b	35.3 	34.9 	40.2 b	39.2 
PC,ED5-8,Y25-64,T,BG31	17.4 	17.4 	17.1 	18.5 b	18.2 	18.7 	19.4 	20.6 b	21.5 	19.9 	19.9 	20.6 
PC,ED5-8,Y25-64,T,BG32	19.3 	20.2 	20.5 	19.7 b	20.1 	20.8 	22.0 	22.7 b	23.5 	24.4 	23.0 	25.2 
PC,ED5-8,Y25-64,T,BG33	20.3 	20.5 	21.2 	21.5 b	22.3 	22.5 	25.2 	27.0 b	25.4 	25.5 	26.9 	25.3 
PC,ED5-8,Y25-64,T,BG34	17.7 	17.3 	16.9 	17.4 b	19.1 	19.6 	20.5 	20.9 b	21.9 	21.8 	21.7 	21.5 
PC,ED5-8,Y25-64,T,BG41	33.2 	33.6 	33.7 	33.6 b	32.8 	33.0 	35.1 	37.5 b	38.6 	39.4 	39.2 	39.8 
PC,ED5-8,Y25-64,T,BG42	16.6 	17.5 	18.1 	19.0 b	19.1 	19.3 	20.5 	21.4 b	21.5 	21.5 	22.2 	22.7 
PC,ED5-8,Y25-64,T,CH01	35.6 	36.6 	37.8 	36.8 b	37.4 	37.6 	37.8 	38.7 b	39.2 	40.9 	42.2 	43.6 
PC,ED5-8,Y25-64,T,CH02	28.9 	31.1 	31.4 	31.7 b	31.2 	33.1 	35.3 	36.3 b	37.5 	37.7 	39.4 	39.7 
PC,ED5-8,Y25-64,T,CH03	30.3 	34.8 	35.7 	34.2 b	33.7 	35.4 	39.1 	39.7 b	40.6 	41.7 	43.1 	44.6 
PC,ED5-8,Y25-64,T,CH04	36.7 	38.6 	40.8 	39.0 b	40.6 	42.5 	45.1 	45.8 b	48.4 	50.8 	51.6 	52.4 
PC,ED5-8,Y25-64,T,CH05	26.6 	28.8 	30.8 	29.8 b	29.1 	29.3 	31.4 	33.2 b	34.2 	35.2 	36.4 	38.2 
PC,ED5-8,Y25-64,T,CH06	29.1 	32.0 	34.6 	31.8 b	31.5 	33.6 	35.5 	36.5 b	37.6 	41.9 	43.3 	44.3 
PC,ED5-8,Y25-64,T,CH07	26.7 	29.2 	30.0 	27.5 b	27.9 	29.0 	31.3 	33.2 b	36.8 	35.8 	38.0 	41.1 
PC,ED5-8,Y25-64,T,CY00	33.1 	34.5 	34.1 b	35.7 	37.7 	39.3 	39.3 	40.3 b	40.5 	41.9 	42.5 	44.1 
PC,ED5-8,Y25-64,T,CZ01	27.7 	30.8 	30.3 	34.7 	37.5 b	37.5 	38.4 	40.3 b	40.5 	43.3 	45.6 	46.4 
PC,ED5-8,Y25-64,T,CZ02	11.0 	12.7 	13.8 	15.3 	16.9 b	18.6 	19.9 	21.7 b	21.6 	21.4 	21.9 	23.6 
PC,ED5-8,Y25-64,T,CZ03	12.7 	12.7 	14.1 	14.0 	15.1 b	17.0 	18.0 	17.6 b	18.7 	19.1 	20.0 	20.1 
PC,ED5-8,Y25-64,T,CZ04	7.3 	6.8 	8.4 	9.0 	9.9 b	11.9 	12.5 	14.3 b	13.4 	14.2 	14.3 	13.9 
PC,ED5-8,Y25-64,T,CZ05	11.0 	11.7 	12.8 	13.5 	14.8 b	15.0 	16.8 	17.9 b	18.2 	18.9 	20.3 	20.6 
PC,ED5-8,Y25-64,T,CZ06	15.3 	15.4 	16.9 	17.6 	19.2 b	20.8 	22.6 	23.3 b	24.3 	25.6 	25.5 	25.8 
PC,ED5-8,Y25-64,T,CZ07	12.6 	13.0 	12.8 	13.6 	15.7 b	15.9 	16.2 	18.7 b	20.1 	19.1 	19.7 	19.5 
PC,ED5-8,Y25-64,T,CZ08	11.7 	11.9 	14.1 	15.4 	15.4 b	16.2 	17.6 	16.7 b	18.8 	19.8 	21.6 	21.1 
PC,ED5-8,Y25-64,T,DE11	26.3 	28.3 	30.3 	30.3 b	30.8 	31.8 	32.5 	30.8 b	32.4 	33.1 	32.6 	32.7 
PC,ED5-8,Y25-64,T,DE12	26.4 	27.3 	29.3 	29.1 b	30.6 	31.1 	31.0 	29.9 b	31.2 	32.2 	31.4 	31.2 
PC,ED5-8,Y25-64,T,DE13	25.3 	25.9 	27.2 	26.8 b	27.9 	28.8 	29.7 	27.0 b	27.7 	29.0 	28.9 	29.5 
PC,ED5-8,Y25-64,T,DE14	26.0 	27.4 	29.3 	29.8 b	31.4 	32.5 	33.1 	30.5 b	30.6 	30.8 	30.9 	30.6 
PC,ED5-8,Y25-64,T,DE21	30.8 	32.4 	33.4 	34.2 b	35.5 	36.4 	37.0 	37.1 b	37.1 	38.4 	39.5 	40.6 
PC,ED5-8,Y25-64,T,DE22	20.4 	20.5 	21.6 	22.0 b	21.9 	22.9 	23.2 	21.1 b	21.1 	21.9 	22.1 	21.5 
PC,ED5-8,Y25-64,T,DE23	19.8 	21.5 	21.7 	22.9 b	23.9 	26.1 	26.7 	25.2 b	25.0 	24.8 	24.4 	24.9 
PC,ED5-8,Y25-64,T,DE24	21.1 	23.2 	25.2 	24.4 b	26.3 	26.1 	26.1 	24.4 b	23.5 	23.2 	24.8 	24.7 
PC,ED5-8,Y25-64,T,DE25	24.7 	26.4 	26.7 	27.5 b	27.8 	29.1 	28.9 	27.8 b	28.4 	29.4 	30.1 	30.7 
PC,ED5-8,Y25-64,T,DE26	22.8 	24.7 	26.1 	27.9 b	26.6 	27.9 	28.4 	25.7 b	26.9 	27.2 	27.7 	27.4 
PC,ED5-8,Y25-64,T,DE27	21.0 	22.0 	24.0 	24.6 b	26.2 	25.2 	26.2 	25.2 b	25.6 	24.4 	25.9 	26.7 
PC,ED5-8,Y25-64,T,DE30	34.5 	33.8 	35.4 	36.0 b	36.8 	37.2 	36.9 	36.1 b	36.6 	39.1 	40.5 	42.1 
PC,ED5-8,Y25-64,T,DE40	29.7 	30.2 	30.9 	30.3 b	30.4 	29.6 	30.0 	27.7 b	27.7 	27.2 	26.9 	28.2 
PC,ED5-8,Y25-64,T,DE50	22.0 	24.1 	23.8 	25.8 b	28.5 	27.2 	26.5 	26.5 b	26.2 	27.6 	28.4 	28.4 
PC,ED5-8,Y25-64,T,DE60	26.5 	27.6 	29.5 	30.4 b	32.2 	31.2 	31.6 	33.6 b	34.9 	36.4 	35.7 	36.9 
PC,ED5-8,Y25-64,T,DE71	27.0 	27.7 	29.0 	30.0 b	31.0 	32.2 	32.5 	32.0 b	32.3 	33.3 	34.4 	33.9 
PC,ED5-8,Y25-64,T,DE72	24.6 	24.5 	25.4 	26.0 b	27.0 	29.2 	29.4 	25.8 b	27.2 	28.1 	28.6 	27.5 
PC,ED5-8,Y25-64,T,DE73	22.0 	23.0 	23.0 	23.4 b	24.8 	24.6 	26.3 	22.5 b	23.1 	24.1 	25.6 	25.4 
PC,ED5-8,Y25-64,T,DE80	25.0 	26.6 	26.5 	27.1 b	27.4 	26.7 	26.3 	24.1 b	25.5 	25.8 	26.5 	25.5 
PC,ED5-8,Y25-64,T,DE91	21.5 	21.7 	21.2 	22.0 b	23.9 	25.2 	25.7 	25.3 b	26.2 	25.1 	27.2 	28.5 
PC,ED5-8,Y25-64,T,DE92	22.0 	22.7 	24.7 	26.0 b	26.2 	26.6 	27.0 	25.2 b	26.0 	25.4 	25.7 	27.4 
PC,ED5-8,Y25-64,T,DE93	18.0 	19.1 	20.3 	21.3 b	22.9 	22.8 	23.2 	21.6 b	23.0 	22.5 	23.1 	23.5 
PC,ED5-8,Y25-64,T,DE94	18.5 	19.7 	21.0 	20.3 b	21.3 	22.2 	22.3 	20.6 b	20.8 	20.0 	20.6 	21.5 
PC,ED5-8,Y25-64,T,DEA1	20.5 	21.9 	23.1 	23.0 b	24.2 	24.9 	24.6 	23.8 b	24.8 	26.5 	26.1 	25.9 
PC,ED5-8,Y25-64,T,DEA2	25.9 	26.4 	27.5 	27.2 b	27.9 	28.8 	29.3 	28.3 b	28.5 	30.3 	30.3 	30.5 
PC,ED5-8,Y25-64,T,DEA3	20.0 	20.7 	21.4 	21.8 b	23.1 	23.3 	24.7 	22.7 b	24.1 	24.5 	23.8 	24.4 
PC,ED5-8,Y25-64,T,DEA4	18.3 	20.1 	20.7 	20.3 b	21.3 	23.0 	23.2 	21.7 b	22.0 	23.0 	22.8 	23.5 
PC,ED5-8,Y25-64,T,DEA5	17.1 	18.7 	20.1 	19.7 b	21.0 	21.7 	22.2 	20.9 b	22.0 	22.7 	22.4 	22.7 
PC,ED5-8,Y25-64,T,DEB1	18.7 	19.5 	19.6 	20.7 b	22.5 	23.5 	22.7 	21.9 b	22.2 	23.2 	24.3 	25.5 
PC,ED5-8,Y25-64,T,DEB2	22.2 	23.2 	25.7 	24.3 b	26.5 	27.6 	27.5 	25.7 b	25.2 	26.1 	27.5 	28.4 
PC,ED5-8,Y25-64,T,DEB3	23.6 	25.5 	25.3 	26.3 b	27.5 	28.0 	28.7 	26.7 b	27.8 	27.7 	27.1 	28.5 
PC,ED5-8,Y25-64,T,DEC0	15.3 	18.4 	19.7 	21.3 b	21.8 	22.9 	22.6 	19.9 b	19.7 	23.0 	23.0 	24.5 
PC,ED5-8,Y25-64,T,DED2	33.6 	33.9 	33.8 	33.6 b	33.9 	33.5 	34.1 	31.0 b	31.1 	31.4 	31.5 	32.2 
PC,ED5-8,Y25-64,T,DED4	29.3 	30.4 	29.3 	29.0 b	28.7 	27.4 	29.7 	24.8 b	25.8 	23.9 	24.2 	24.7 
PC,ED5-8,Y25-64,T,DED5	34.7 	34.0 	34.7 	35.3 b	33.9 	34.6 	35.3 	30.0 b	30.7 	31.3 	32.3 	32.9 
PC,ED5-8,Y25-64,T,DEE0	23.1 	24.2 	24.6 	25.0 b	25.4 	25.8 	25.7 	23.7 b	23.4 	22.9 	22.2 	21.5 
PC,ED5-8,Y25-64,T,DEF0	20.2 	22.4 	22.8 	22.8 b	24.4 	24.9 	24.8 	23.4 b	23.8 	24.1 	24.2 	24.4 
PC,ED5-8,Y25-64,T,DEG0	27.0 	28.0 	27.9 	28.2 b	30.1 	30.5 	30.0 	27.0 b	26.4 	26.9 	26.8 	28.3 
PC,ED5-8,Y25-64,T,DK01	40.9 b	41.0 	41.4 	43.1 	45.4 	46.2 	47.0 	48.1 b	48.5 	49.8 b	50.2 b	51.5 
PC,ED5-8,Y25-64,T,DK02	26.4 b	26.9 	27.3 	26.8 	27.3 	27.7 	28.8 	29.0 b	29.8 	29.3 b	31.5 b	31.2 
PC,ED5-8,Y25-64,T,DK03	25.5 b	25.4 	26.0 	27.5 	27.5 	29.2 	28.6 	29.8 b	30.7 	30.7 b	32.7 b	32.7 
PC,ED5-8,Y25-64,T,DK04	28.8 b	29.8 	31.1 	31.6 	30.1 	31.3 	33.5 	33.3 b	34.6 	36.3 b	36.9 b	37.8 
PC,ED5-8,Y25-64,T,DK05	23.5 b	25.3 	29.2 	28.1 	28.1 	29.4 	27.8 	27.3 b	29.3 	30.6 b	31.7 b	32.2 
PC,ED5-8,Y25-64,T,EE00	33.3 	34.2 	36.1 	35.5 	36.9 	37.6 	37.4 	37.6 b	38.1 	38.9 	39.7 	41.2 
PC,ED5-8,Y25-64,T,EL30	27.1 	28.1 	28.3 b	29.9 	31.8 	33.4 	35.2 	36.3 b	37.0 	38.0 	38.4 	39.3 
PC,ED5-8,Y25-64,T,EL41	17.0 	17.9 	18.3 b	16.7 	18.6 	20.6 	27.4 	25.3 b	22.9 	25.6 	24.2 	24.5 
PC,ED5-8,Y25-64,T,EL42	12.1 	12.1 	11.7 b	12.3 	15.0 	16.6 	17.2 	17.8 b	19.1 	17.4 	20.4 	20.8 
PC,ED5-8,Y25-64,T,EL43	21.0 	21.0 	19.6 b	19.6 	20.6 	20.7 	21.6 	22.0 b	24.1 	26.8 	27.9 	26.6 
PC,ED5-8,Y25-64,T,EL51	17.0 	18.0 	19.3 b	18.4 	18.5 	19.3 	19.5 	20.5 b	22.6 	24.6 	25.0 	25.1 
PC,ED5-8,Y25-64,T,EL52	22.7 	23.2 	24.0 b	25.5 	26.6 	27.1 	27.1 	27.3 b	29.1 	31.3 	31.1 	31.7 
PC,ED5-8,Y25-64,T,EL53	16.9 	17.6 	17.3 b	18.4 	19.1 	17.8 	20.1 	22.3 b	21.9 	21.8 	24.5 	26.0 
PC,ED5-8,Y25-64,T,EL54	19.5 	19.8 	19.0 b	20.6 	23.0 	23.3 	25.6 	24.6 b	25.8 	28.2 	30.0 	33.8 
PC,ED5-8,Y25-64,T,EL61	21.4 	22.7 	23.9 b	23.9 	24.4 	23.8 	25.1 	26.3 b	26.1 	25.6 	28.6 	32.1 
PC,ED5-8,Y25-64,T,EL62	12.3 	13.0 	12.4 b	14.9 	16.9 	14.7 	17.0 	17.7 b	19.5 	20.8 	20.1 	22.8 
PC,ED5-8,Y25-64,T,EL63	19.4 	18.0 	18.2 b	20.2 	20.9 	20.6 	21.6 	22.6 b	22.9 	22.7 	23.8 	21.9 
PC,ED5-8,Y25-64,T,EL64	13.9 	14.5 	15.4 b	15.9 	17.3 	17.3 	18.3 	17.9 b	19.0 	21.1 	23.3 	23.6 
PC,ED5-8,Y25-64,T,EL65	15.9 	16.9 	15.0 b	15.5 	17.3 	17.7 	19.1 	19.3 b	20.8 	21.4 	23.0 	23.8 
PC,ED5-8,Y25-64,T,ES11	28.6 	29.3 	29.7 	30.1 	31.0 	31.3 	32.1 	33.4 b	35.2 	35.7 	36.5 	36.9 
PC,ED5-8,Y25-64,T,ES12	29.0 	30.6 	32.1 	32.8 	35.1 	35.9 	37.7 	38.7 b	39.6 	40.7 	41.6 	43.1 
PC,ED5-8,Y25-64,T,ES13	32.3 	33.4 	33.8 	35.7 	35.2 	36.1 	37.2 	37.4 b	38.1 	39.1 	40.4 	40.6 
PC,ED5-8,Y25-64,T,ES21	42.4 	41.7 	43.3 	43.7 	44.5 	46.0 	46.8 	47.0 b	47.8 	48.6 	49.7 	49.6 
PC,ED5-8,Y25-64,T,ES22	38.1 	35.5 	35.9 	38.7 	39.9 	40.2 	40.3 	42.7 b	42.3 	44.5 	45.5 	45.4 
PC,ED5-8,Y25-64,T,ES23	31.0 	30.6 	35.2 	35.6 	33.1 	34.3 	35.2 	36.9 b	39.3 	37.4 	37.9 	38.7 
PC,ED5-8,Y25-64,T,ES24	33.2 	31.9 	31.6 	33.3 	35.0 	35.1 	34.8 	35.7 b	35.6 	36.3 	36.6 	38.4 
PC,ED5-8,Y25-64,T,ES30	39.0 	39.3 	38.9 	41.6 	43.1 	44.5 	46.0 	47.2 b	46.9 	46.6 	47.0 	47.2 
PC,ED5-8,Y25-64,T,ES41	29.6 	30.2 	30.9 	31.5 	33.3 	34.0 	33.7 	34.5 b	34.7 	34.3 	35.3 	36.2 
PC,ED5-8,Y25-64,T,ES42	22.6 	21.9 	23.7 	24.0 	25.3 	25.3 	26.2 	27.2 b	27.5 	27.4 	27.6 	28.4 
PC,ED5-8,Y25-64,T,ES43	22.0 	22.1 	22.5 	23.3 	24.3 	23.7 	24.5 	26.8 b	26.5 	25.1 	26.5 	26.5 
PC,ED5-8,Y25-64,T,ES51	29.2 	29.9 	30.6 	31.4 	32.2 	32.8 	34.8 	37.0 b	37.5 	38.6 	39.3 	40.8 
PC,ED5-8,Y25-64,T,ES52	26.3 	26.6 	26.7 	28.4 	29.8 	30.1 	30.8 	32.0 b	32.5 	32.9 	33.3 	35.7 
PC,ED5-8,Y25-64,T,ES53	21.2 	20.8 	22.1 	22.6 	23.7 	24.8 	26.8 	27.9 b	27.2 	29.2 	31.2 	29.7 
PC,ED5-8,Y25-64,T,ES61	24.1 	24.7 	25.2 	25.7 	25.8 	26.5 	27.3 	27.6 b	28.3 	29.1 	29.6 	30.3 
PC,ED5-8,Y25-64,T,ES62	23.7 	24.9 	24.4 	24.4 	25.3 	26.3 	28.2 	27.1 b	27.9 	28.4 	29.9 	31.2 
PC,ED5-8,Y25-64,T,ES63	16.6 	21.5 	23.2 	20.7 	18.9 	22.0 	23.0 	22.5 b	28.1 	28.2 	25.2 	26.5 
PC,ED5-8,Y25-64,T,ES64	22.8 	24.0 	26.6 	22.9 	27.1 	24.8 	26.2 	28.8 b	28.0 	26.9 	28.6 	29.9 
PC,ED5-8,Y25-64,T,ES70	24.6 	23.1 	23.6 	23.9 	24.1 	26.0 	27.3 	27.0 b	26.6 	29.4 	29.6 	30.5 
PC,ED5-8,Y25-64,T,FI19	33.2 	33.7 	35.0 	36.0 	36.2 	36.5 	38.5 	39.2 b	40.9 	41.2 	41.4 	42.2 
PC,ED5-8,Y25-64,T,FI1B	45.7 	45.0 	45.5 	46.8 	49.2 	48.9 	49.3 	50.2 b	51.3 	51.6 	51.4 	52.0 
PC,ED5-8,Y25-64,T,FI1C	33.1 	34.1 	33.8 	34.2 	35.4 	36.0 	36.2 	38.1 b	38.9 	38.8 	39.8 	40.9 
PC,ED5-8,Y25-64,T,FI1D	31.3 	31.4 	32.4 	33.2 	33.8 	34.6 	35.2 	36.8 b	36.7 	37.5 	39.1 	39.5 
PC,ED5-8,Y25-64,T,FI20	27.5 	30.0 	29.9 	27.6 	26.4 u	32.7 	33.8 	32.0 b	29.9 	29.2 	30.4 	36.4 
PC,ED5-8,Y25-64,T,FR10	38.8 	38.1 	39.6 	39.7 	40.8 	41.2 	41.9 b	43.9 b	46.3 	47.3 	47.9 	49.4 
PC,ED5-8,Y25-64,T,FRB0	20.6 	21.1 	23.7 	24.9 	25.4 	27.5 	27.1 b	27.4 b	28.9 	29.4 	30.2 	31.8 
PC,ED5-8,Y25-64,T,FRC1	18.7 	20.7 	23.7 	22.4 	22.5 	24.9 	26.8 b	27.6 b	25.6 	27.6 	30.3 	30.1 
PC,ED5-8,Y25-64,T,FRC2	20.2 	22.8 	23.2 	22.3 	23.1 	24.2 	28.2 b	27.3 b	25.6 	30.2 	32.3 	30.4 
PC,ED5-8,Y25-64,T,FRD1	22.1 	24.6 	25.0 	24.7 	24.7 	25.3 	25.8 b	24.4 b	26.8 	25.2 	23.7 	28.3 
PC,ED5-8,Y25-64,T,FRD2	20.0 	19.0 	19.2 	21.8 	23.7 	26.0 	25.2 b	24.8 b	27.7 	27.1 	27.4 	27.0 
PC,ED5-8,Y25-64,T,FRE1	22.2 	22.8 	24.4 	26.0 	25.4 	26.1 	27.6 b	29.0 b	27.8 	28.6 	29.6 	31.9 
PC,ED5-8,Y25-64,T,FRE2	17.1 	20.1 	21.6 	19.7 	19.8 	20.2 	21.4 b	22.0 b	24.1 	22.5 	24.0 	28.0 
PC,ED5-8,Y25-64,T,FRF1	24.8 	28.8 	29.5 	30.9 	29.4 	28.8 	29.9 b	30.5 b	32.2 	33.7 	31.9 	32.8 
PC,ED5-8,Y25-64,T,FRF2	21.7 	20.9 	19.6 	20.9 	21.3 	23.2 	24.7 b	23.3 b	23.7 	23.0 	24.9 	28.0 
PC,ED5-8,Y25-64,T,FRF3	21.5 	20.1 	21.5 	23.9 	24.7 	25.5 	27.6 b	28.1 b	30.3 	30.0 	30.4 	29.0 
PC,ED5-8,Y25-64,T,FRG0	22.4 	22.6 	26.4 	26.4 	27.1 	27.5 	28.2 b	30.4 b	32.3 	32.2 	33.4 	34.5 
PC,ED5-8,Y25-64,T,FRH0	30.2 	27.8 	27.9 	27.9 	30.0 	31.9 	33.3 b	33.6 b	32.8 	33.8 	34.0 	37.5 
PC,ED5-8,Y25-64,T,FRI1	23.7 	24.3 	27.0 	29.0 	26.8 	27.4 	29.0 b	32.8 b	33.4 	32.3 	34.2 	35.3 
PC,ED5-8,Y25-64,T,FRI2	20.6 	22.9 	25.9 	23.5 	25.3 	29.2 	27.7 b	29.4 b	30.0 	32.1 	30.7 	32.0 
PC,ED5-8,Y25-64,T,FRI3	19.1 	19.9 	20.9 	23.0 	21.8 	22.8 	23.2 b	26.1 b	26.5 	27.3 	30.0 	30.8 
PC,ED5-8,Y25-64,T,FRJ1	26.2 	26.6 	26.0 	25.2 	26.1 	26.7 	29.0 b	31.4 b	31.4 	31.2 	32.0 	33.3 
PC,ED5-8,Y25-64,T,FRJ2	28.9 	30.8 	34.4 	34.9 	36.6 	36.1 	39.9 b	41.8 b	39.8 	38.7 	38.6 	44.1 
PC,ED5-8,Y25-64,T,FRK1	21.9 	26.8 	28.2 	24.7 	24.2 	26.1 	26.6 b	25.9 b	28.8 	31.2 	27.7 	29.5 
PC,ED5-8,Y25-64,T,FRK2	28.1 	28.4 	28.3 	28.6 	30.0 	32.3 	34.4 b	37.1 b	37.4 	38.3 	39.1 	40.7 
PC,ED5-8,Y25-64,T,FRL0	24.4 	25.2 	26.6 	27.5 	30.2 	31.1 	33.2 b	35.0 b	35.6 	35.9 	36.2 	38.0 
PC,ED5-8,Y25-64,T,FRM0	18.2 	11.5 	14.4 	17.6 	18.0 	23.1 	23.1 b	24.1 b	31.5 	38.2 	38.6 	30.2 
PC,ED5-8,Y25-64,T,FRY1	: 	: 	: 	: 	: 	: 	: 	18.7 b	19.5 	20.9 	21.4 	21.2 
PC,ED5-8,Y25-64,T,FRY2	: 	: 	: 	: 	: 	: 	: 	23.3 b	24.1 	24.3 	23.6 	25.5 
PC,ED5-8,Y25-64,T,FRY3	: 	: 	: 	: 	: 	: 	: 	18.4 b	19.1 	17.7 	19.3 	21.1 
PC,ED5-8,Y25-64,T,FRY4	: 	: 	: 	: 	: 	: 	: 	19.6 b	20.2 	20.8 	20.8 	21.9 
PC,ED5-8,Y25-64,T,HR03	17.2 	17.8 	19.2 	21.1 b	19.8 	20.3 	21.2 	22.3 b	24.6 	22.8 	23.7 	26.6 
PC,ED5-8,Y25-64,T,HR04	15.2 	15.4 	16.2 	17.3 b	17.1 	17.6 	19.2 	20.8 b	21.8 	23.1 	23.6 	24.8 
PC,ED5-8,Y25-64,T,HU10	27.9 	29.4 	29.4 	29.9 	31.9 	32.4 	: 	: 	: 	: 	: 	: 
PC,ED5-8,Y25-64,T,HU11	: 	: 	: 	: 	: 	: 	40.4 	42.5 b	44.7 	41.9 	41.7 	46.5 
PC,ED5-8,Y25-64,T,HU12	: 	: 	: 	: 	: 	: 	22.9 	24.8 b	26.2 	26.2 	26.9 	26.4 
PC,ED5-8,Y25-64,T,HU21	14.2 	15.7 	15.1 	14.2 	15.9 	18.0 	19.0 	17.6 b	19.4 	19.1 	20.1 	19.9 
PC,ED5-8,Y25-64,T,HU22	14.0 	15.1 	17.0 	15.5 	17.2 	18.5 	17.8 	19.7 b	20.1 	19.0 	20.8 	20.5 
PC,ED5-8,Y25-64,T,HU23	12.8 	14.3 	15.3 	16.1 	17.3 	17.9 	18.3 	17.9 b	18.5 	18.9 	18.4 	18.1 
PC,ED5-8,Y25-64,T,HU31	12.8 	13.5 	15.1 	15.6 	15.4 	15.6 	16.7 	17.1 b	17.9 	17.2 	17.5 	17.4 
PC,ED5-8,Y25-64,T,HU32	14.4 	14.9 	15.0 	15.9 	15.9 	17.5 	17.8 	17.7 b	17.1 	17.1 	17.4 	18.5 
PC,ED5-8,Y25-64,T,HU33	15.5 	16.6 	17.5 	17.4 	17.0 	18.4 	18.2 	18.9 b	18.8 	20.0 	19.6 	20.9 
PC,ED5-8,Y25-64,T,IE01	28.2 b	30.9 	32.3 	34.5 	34.4 	: 	: 	: 	: 	: 	: 	: 
PC,ED5-8,Y25-64,T,IE02	36.4 b	37.7 	38.8 	40.2 	40.9 	: 	: 	: 	: 	: 	: 	: 
PC,ED5-8,Y25-64,T,IE04	: 	: 	: 	: 	: 	36.7 	38.6 	38.4 b	39.2 	39.9 	41.5 b	41.2 
PC,ED5-8,Y25-64,T,IE05	: 	: 	: 	: 	: 	37.3 	39.1 	38.9 b	40.3 	40.9 	42.6 b	42.5 
PC,ED5-8,Y25-64,T,IE06	: 	: 	: 	: 	: 	44.6 	46.4 	47.9 b	49.2 	49.6 	50.7 b	51.7 
PC,ED5-8,Y25-64,T,IS00	30.4 	31.3 	32.8 	32.5 	33.9 	35.2 	36.1 	37.3 b	39.0 	40.5 	42.5 	43.8 
PC,ED5-8,Y25-64,T,ITC1	12.9 	13.7 	13.7 	14.1 	14.0 	15.2 	15.9 	16.2 b	16.6 	17.0 	18.1 	19.3 
PC,ED5-8,Y25-64,T,ITC2	11.4 	11.8 	10.8 	11.0 	12.2 	14.5 	16.1 	15.2 b	15.5 	15.8 	18.0 	18.8 
PC,ED5-8,Y25-64,T,ITC3	16.1 	17.6 	18.6 	18.4 	17.9 	18.8 	20.0 	19.3 b	19.7 	19.6 	19.6 	22.0 
PC,ED5-8,Y25-64,T,ITC4	14.1 	15.2 	15.5 	15.9 	15.9 	16.5 	17.2 	17.9 b	19.3 	19.3 	20.4 	21.2 
PC,ED5-8,Y25-64,T,ITF1	14.3 	16.0 	16.1 	16.4 	17.4 	17.5 	17.5 	16.5 b	17.0 	17.0 	18.3 	19.3 
PC,ED5-8,Y25-64,T,ITF2	14.3 	15.1 	14.6 	14.8 	15.1 	16.4 	16.7 	17.0 b	18.0 	18.4 	19.7 	19.7 
PC,ED5-8,Y25-64,T,ITF3	11.3 	11.9 	12.6 	12.9 	12.5 	13.8 	14.3 	14.3 b	14.9 	15.2 	15.5 	15.5 
PC,ED5-8,Y25-64,T,ITF4	11.2 	11.9 	11.2 	11.6 	11.6 	12.4 	13.2 	14.0 b	13.3 	13.3 	14.0 	14.8 
PC,ED5-8,Y25-64,T,ITF5	12.5 	12.8 	12.4 	12.5 	12.5 	13.7 	15.1 	15.1 b	15.5 	15.9 	16.5 	15.9 
PC,ED5-8,Y25-64,T,ITF6	13.5 	13.7 	14.0 	13.8 	13.7 	14.3 	14.0 	15.2 b	15.7 	15.1 	15.1 	15.1 
PC,ED5-8,Y25-64,T,ITG1	11.5 	11.9 	12.5 	12.4 	12.1 	13.0 	13.4 	13.3 b	13.2 	13.1 	13.6 	14.0 
PC,ED5-8,Y25-64,T,ITG2	11.0 	11.2 	11.8 	12.4 	13.0 	14.0 	14.0 	13.1 b	14.7 	15.0 	16.2 	16.1 
PC,ED5-8,Y25-64,T,ITH1	10.4 	10.8 	11.4 	12.6 	12.8 	13.6 	14.8 	16.2 b	16.3 	16.5 	16.8 	17.8 
PC,ED5-8,Y25-64,T,ITH2	14.4 	14.8 	15.3 	16.0 	16.5 	16.7 	16.6 	18.3 b	18.7 	18.7 	20.8 	21.3 
PC,ED5-8,Y25-64,T,ITH3	12.2 	13.0 	13.1 	13.9 	14.1 	13.8 	14.9 	15.4 b	15.9 	16.2 	17.9 	18.8 
PC,ED5-8,Y25-64,T,ITH4	13.5 	13.5 	13.1 	13.6 	13.5 	17.1 	17.3 	17.2 b	17.6 	17.4 	19.9 	21.1 
PC,ED5-8,Y25-64,T,ITH5	14.8 	15.9 	16.4 	16.1 	17.3 	17.9 	17.8 	18.7 b	20.3 	20.7 	21.2 	22.0 
PC,ED5-8,Y25-64,T,ITI1	14.7 	15.5 	14.9 	15.3 	16.2 	16.9 	17.0 	17.4 b	19.3 	20.3 	20.7 	21.4 
PC,ED5-8,Y25-64,T,ITI2	15.0 	15.2 	15.9 	16.8 	16.8 	18.8 	20.2 	20.1 b	19.8 	20.7 	21.2 	20.7 
PC,ED5-8,Y25-64,T,ITI3	13.9 	13.8 	15.3 	16.1 	15.4 	16.8 	18.3 	18.6 b	18.5 	19.2 	20.7 	20.5 
PC,ED5-8,Y25-64,T,ITI4	18.2 	19.5 	19.1 	19.3 	19.5 	20.4 	21.0 	23.3 b	23.3 	23.1 	24.9 	25.6 
PC,ED5-8,Y25-64,T,LT00	28.2 	30.2 	30.8 	32.4 	33.5 	34.1 	: 	: 	: 	: 	: 	: 
PC,ED5-8,Y25-64,T,LT01	: 	: 	: 	: 	: 	: 	45.8 	47.3 b	50.5 	52.4 	53.3 	54.7 
PC,ED5-8,Y25-64,T,LT02	: 	: 	: 	: 	: 	: 	31.0 	32.6 b	34.1 	34.6 	34.7 	36.0 
PC,ED5-8,Y25-64,T,LU00	26.5 b	27.7 	34.8 b	35.5 	37.0 	39.1 	40.7 	45.9 b	41.1 b	42.6 u	39.9 u	44.1 
PC,ED5-8,Y25-64,T,LV00	22.2 	24.8 	25.8 	26.9 	27.7 	29.2 	31.0 	30.2 b	31.6 	33.4 	33.9 	33.9 
PC,ED5-8,Y25-64,T,ME00	: 	: 	: 	: 	19.5 	20.9 	21.8 	24.0 b	23.5 	25.3 	24.8 	24.0 
PC,ED5-8,Y25-64,T,MK00	14.2 	13.4 	14.8 	15.6 	17.6 	17.9 	17.2 	17.6 b	18.8 	20.7 	20.7 	20.3 
PC,ED5-8,Y25-64,T,MT00	12.4 	13.3 	13.9 	14.9 	16.2 b	17.8 	19.6 	21.2 b	21.6 	22.1 	23.9 	26.3 
PC,ED5-8,Y25-64,T,NL11	28.4 	27.5 	28.4 	33.8 	33.1 b	33.2 	33.1 b	31.6 b	33.7 	36.3 	36.0 	36.2 
PC,ED5-8,Y25-64,T,NL12	24.5 	22.6 	24.0 	26.4 	26.8 b	26.3 	27.2 b	26.0 b	25.4 	27.2 	29.0 	31.8 
PC,ED5-8,Y25-64,T,NL13	23.2 	23.4 	24.0 	24.6 	23.8 b	25.3 	26.9 b	27.8 b	28.6 	28.9 	28.6 	31.1 
PC,ED5-8,Y25-64,T,NL21	25.7 	26.7 	26.3 	27.6 	28.6 b	29.7 	30.3 b	31.6 b	31.4 	32.0 	34.2 	33.4 
PC,ED5-8,Y25-64,T,NL22	28.2 	29.2 	29.5 	30.9 	30.0 b	31.2 	32.9 b	34.0 b	34.0 	33.4 	34.3 	35.3 
PC,ED5-8,Y25-64,T,NL23	24.3 	25.9 	25.8 	28.2 	29.3 b	28.6 	29.3 b	29.2 b	30.0 	30.1 	33.0 	30.2 
PC,ED5-8,Y25-64,T,NL31	37.7 	40.4 	40.3 	41.7 	43.4 b	43.4 	44.7 b	45.6 b	46.8 	46.8 	48.8 	51.2 
PC,ED5-8,Y25-64,T,NL32	34.5 	35.3 	37.3 	38.7 	38.6 b	38.5 	39.2 b	40.8 b	41.6 	42.9 	44.4 	45.4 
PC,ED5-8,Y25-64,T,NL33	30.2 	31.0 	31.3 	31.9 	32.2 b	33.8 	34.8 b	34.2 b	36.1 	36.6 	37.6 	38.9 
PC,ED5-8,Y25-64,T,NL34	20.0 	23.1 	25.7 	26.4 	24.9 b	22.0 	23.8 b	24.9 b	25.1 	26.1 	27.8 	29.1 
PC,ED5-8,Y25-64,T,NL41	28.2 	28.8 	28.5 	29.3 	30.0 b	31.6 	32.2 b	33.2 b	33.2 	34.4 	34.4 	36.0 
PC,ED5-8,Y25-64,T,NL42	23.2 	25.6 	26.1 	25.5 	25.5 b	26.1 	27.4 b	27.1 b	29.4 	29.3 	30.9 	32.2 
PC,ED5-8,Y25-64,T,NO01	46.4 	48.3 	47.4 	47.9 	48.8 	50.1 	51.0 	53.4 b	53.5 	53.4 	54.3 	53.8 
PC,ED5-8,Y25-64,T,NO02	26.0 	25.0 	27.0 	29.4 	29.0 	30.8 	30.4 	33.6 b	33.8 	35.2 	36.5 	34.5 
PC,ED5-8,Y25-64,T,NO03	28.8 	30.0 	30.8 	30.6 	32.1 	34.0 	34.7 	36.3 b	37.2 	37.1 	35.6 	36.8 
PC,ED5-8,Y25-64,T,NO04	32.2 	31.3 	30.6 	32.9 	34.3 	35.5 	36.9 	38.5 b	39.9 	40.0 	39.8 	41.2 
PC,ED5-8,Y25-64,T,NO05	32.4 	33.9 	35.8 	36.8 	36.0 	36.6 	38.6 	42.3 b	43.2 	42.6 	42.8 	43.3 
PC,ED5-8,Y25-64,T,NO06	33.3 	35.3 	35.6 	37.0 	38.3 	37.6 	37.9 	40.7 b	44.0 	43.2 	42.8 	43.8 
PC,ED5-8,Y25-64,T,NO07	30.2 	31.8 	32.6 	33.4 	33.5 	32.1 	35.2 	38.9 b	38.7 	39.5 	39.2 	40.2 
PC,ED5-8,Y25-64,T,PL21	19.7 	20.2 	21.7 	23.1 b	24.4 	25.8 	26.6 	27.3 b	28.9 	30.7 b	33.6 	33.0 
PC,ED5-8,Y25-64,T,PL22	16.6 	17.6 	20.5 	21.7 b	22.7 	23.3 	24.4 	25.0 b	25.4 	27.2 b	28.2 	29.7 
PC,ED5-8,Y25-64,T,PL41	16.2 	17.2 	17.5 	20.3 b	21.5 	22.4 	23.4 	24.6 b	25.7 	25.6 b	25.2 	26.5 
PC,ED5-8,Y25-64,T,PL42	19.5 	19.3 	20.1 	20.8 b	21.0 	22.5 	23.9 	24.1 b	24.5 	26.0 b	26.7 	28.6 
PC,ED5-8,Y25-64,T,PL43	14.7 	15.3 	16.3 	18.1 b	19.3 	18.7 	20.6 	22.7 b	22.4 	22.5 b	23.7 	24.8 
PC,ED5-8,Y25-64,T,PL51	18.6 	18.5 	19.8 	21.2 b	22.5 	23.7 	25.1 	27.2 b	27.2 	28.8 b	29.8 	31.7 
PC,ED5-8,Y25-64,T,PL52	15.7 	17.5 	16.2 	18.0 b	18.1 	20.0 	20.9 	23.1 b	24.8 	24.7 b	25.9 	25.9 
PC,ED5-8,Y25-64,T,PL61	12.5 	15.3 	16.2 	17.1 b	19.0 	20.1 	20.7 	20.2 b	21.2 	23.2 b	24.7 	25.3 
PC,ED5-8,Y25-64,T,PL62	15.0 	15.8 	19.7 	19.7 b	19.4 	18.9 	20.7 	21.9 b	22.6 	23.1 b	23.4 	23.6 
PC,ED5-8,Y25-64,T,PL63	18.5 	19.5 	21.1 	22.7 b	23.9 	25.9 	26.7 	26.5 b	28.1 	30.6 b	32.8 	32.8 
PC,ED5-8,Y25-64,T,PL71	18.4 	19.2 	20.2 	21.3 b	21.9 	23.5 	23.5 	25.4 b	26.8 	27.3 b	28.1 	29.0 
PC,ED5-8,Y25-64,T,PL72	17.3 	19.1 	21.0 	21.3 b	21.5 	23.6 	26.0 	25.8 b	25.2 	27.4 b	27.9 	28.9 
PC,ED5-8,Y25-64,T,PL81	18.5 	19.3 	20.8 	21.4 b	22.1 	24.0 	25.5 	26.9 b	27.1 	26.6 b	26.9 	28.8 
PC,ED5-8,Y25-64,T,PL82	16.4 	18.3 	21.0 	21.0 b	20.5 	21.9 	23.1 	23.8 b	25.3 	27.5 b	28.3 	28.4 
PC,ED5-8,Y25-64,T,PL84	19.5 	19.9 	21.5 	22.6 b	24.0 	24.7 	26.1 	27.8 b	28.1 	29.2 b	30.5 	32.3 
PC,ED5-8,Y25-64,T,PL91	: 	: 	: 	: 	: 	: 	48.0 	51.7 b	52.1 	53.3 b	56.7 	57.4 
PC,ED5-8,Y25-64,T,PL92	: 	: 	: 	: 	: 	: 	20.4 	21.5 b	21.6 	21.8 b	22.6 	23.6 
PC,ED5-8,Y25-64,T,PT11	10.8 	11.8 	12.5 	12.8 	14.8 b	16.4 	16.5 	18.2 b	18.7 	20.2 	20.5 	21.8 
PC,ED5-8,Y25-64,T,PT15	10.8 	12.5 	14.9 	15.2 	16.4 b	18.1 	18.7 	19.4 b	19.7 	21.1 	22.5 	22.4 
PC,ED5-8,Y25-64,T,PT16	11.8 	11.5 	11.2 	12.3 	14.6 b	16.5 	17.0 	19.7 b	21.8 	23.3 	22.5 	24.2 
PC,ED5-8,Y25-64,T,PT17	20.5 	21.1 	21.8 	22.9 	24.2 b	24.9 	27.0 	31.0 b	32.5 	32.3 	32.6 	32.8 
PC,ED5-8,Y25-64,T,PT18	11.5 	13.1 	11.7 	13.5 	14.7 b	14.2 	15.6 	16.8 b	18.0 	18.5 	18.8 	20.2 
PC,ED5-8,Y25-64,T,PT20	7.5 	7.3 	8.3 	9.9 	10.7 b	12.1 	11.9 	13.0 b	14.3 	14.8 	15.5 	15.2 
PC,ED5-8,Y25-64,T,PT30	10.9 	11.6 	12.3 	12.7 	13.8 b	14.7 	16.2 	16.6 b	17.3 	18.9 	20.7 	21.2 
PC,ED5-8,Y25-64,T,RO11	11.0 	12.1 	12.1 	12.6 b	13.0 	13.7 	14.2 	14.2 b	17.4 	17.4 	17.1 	17.7 
PC,ED5-8,Y25-64,T,RO12	11.1 	11.4 	11.8 	11.2 b	12.4 	13.1 	14.3 	14.6 b	17.8 	17.5 	17.9 	18.1 
PC,ED5-8,Y25-64,T,RO21	10.3 	11.1 	11.2 	11.6 b	12.2 	12.6 	11.9 	12.0 b	11.6 	11.5 	12.1 	12.7 
PC,ED5-8,Y25-64,T,RO22	8.8 	9.4 	10.0 	10.3 b	11.4 	12.3 	12.4 	12.0 b	12.9 	12.9 	12.7 	13.1 
PC,ED5-8,Y25-64,T,RO31	8.6 	8.6 	9.1 	9.9 b	10.7 	11.2 	11.4 	11.4 b	12.8 	13.3 	13.1 	12.7 
PC,ED5-8,Y25-64,T,RO32	26.3 	27.7 	27.7 	28.3 b	31.0 	31.9 	33.1 	35.0 b	33.6 	35.1 	36.1 	37.5 
PC,ED5-8,Y25-64,T,RO41	11.1 	12.8 	13.0 	12.6 b	13.1 	13.7 	14.3 	15.1 b	16.7 	16.8 	16.1 	14.7 
PC,ED5-8,Y25-64,T,RO42	11.4 	12.8 	14.3 	14.0 b	14.5 	15.1 	14.2 	13.5 b	16.1 	15.5 	16.0 	15.7 
PC,ED5-8,Y25-64,T,RS11	: 	: 	: 	: 	: 	: 	31.4 	33.3 b	34.3 	33.9 	36.2 	37.4 
PC,ED5-8,Y25-64,T,RS12	: 	: 	: 	: 	: 	: 	15.8 	18.7 b	18.3 	19.9 	19.8 	20.3 
PC,ED5-8,Y25-64,T,RS21	: 	: 	: 	: 	: 	: 	15.2 	14.8 b	16.0 	17.1 	16.7 	17.4 
PC,ED5-8,Y25-64,T,RS22	: 	: 	: 	: 	: 	: 	16.5 	15.2 b	18.1 	19.1 	18.3 	19.3 
PC,ED5-8,Y25-64,T,SE11	38.9 	40.4 	41.9 	42.3 	43.7 	44.4 	45.7 	47.6 b	48.7 	50.4 	51.0 	52.0 
PC,ED5-8,Y25-64,T,SE12	29.0 	29.4 	30.3 	30.7 	31.5 	33.1 	35.1 	36.6 b	36.8 	38.0 	39.2 	40.2 
PC,ED5-8,Y25-64,T,SE21	25.0 	26.3 	26.3 	26.3 	27.5 	28.4 	29.2 	31.2 b	32.9 	34.0 	33.8 	36.2 
PC,ED5-8,Y25-64,T,SE22	33.0 	33.6 	34.9 	35.9 	36.3 	36.6 	37.9 	38.9 b	40.9 	42.8 	44.4 	45.4 
PC,ED5-8,Y25-64,T,SE23	31.2 	31.0 	31.8 	33.0 	34.1 	35.4 	36.5 	38.8 b	39.2 	40.0 	40.6 	42.3 
PC,ED5-8,Y25-64,T,SE31	23.2 	23.5 	25.3 	26.4 	27.3 	27.3 	27.4 	28.3 b	30.6 	32.6 	33.3 	34.0 
PC,ED5-8,Y25-64,T,SE32	27.5 	28.3 	29.1 	29.7 	29.3 	28.9 	30.5 	31.1 b	32.0 	33.0 	33.7 	36.5 
PC,ED5-8,Y25-64,T,SE33	29.5 	30.1 	30.0 	31.5 	33.1 	33.9 	35.4 	37.0 b	37.3 	37.6 	38.2 	39.9 
PC,ED5-8,Y25-64,T,SI01	18.2 	18.4 	19.1 	: 	: 	: 	: 	: 	: 	: 	: 	: 
PC,ED5-8,Y25-64,T,SI02	27.1 	27.6 	28.3 	: 	: 	: 	: 	: 	: 	: 	: 	: 
PC,ED5-8,Y25-64,T,SI03	: 	: 	: 	19.5 	21.2 	22.3 	23.6 	24.8 b	26.0 	26.8 	28.2 	27.9 
PC,ED5-8,Y25-64,T,SI04	: 	: 	: 	28.7 	29.7 	31.3 	32.9 	33.1 b	35.0 	35.3 	37.5 	37.7 
PC,ED5-8,Y25-64,T,SK01	29.1 	29.2 	31.9 	33.6 	37.9 b	37.4 	37.5 	39.0 b	37.5 	39.0 	42.7 	43.8 
PC,ED5-8,Y25-64,T,SK02	12.6 	12.1 	13.0 	13.9 	15.3 b	15.9 	16.6 	16.4 b	17.9 	19.7 	20.7 	20.6 
PC,ED5-8,Y25-64,T,SK03	12.3 	13.8 	15.1 	17.1 	17.1 b	17.6 	18.8 	17.8 b	19.4 	20.0 	20.3 	21.6 
PC,ED5-8,Y25-64,T,SK04	12.4 	12.7 	12.7 	14.6 	16.1 b	16.3 	17.5 	19.7 b	19.7 	19.3 	20.1 	23.6 
PC,ED5-8,Y25-64,T,TR10	12.5 	14.4 	14.5 	13.6 	15.1 	18.1 	18.8 	18.9 b	20.8 	22.6 	23.4 	24.3 
PC,ED5-8,Y25-64,T,TR21	9.6 	13.1 	12.3 	10.9 	11.6 	12.9 	13.5 	13.0 b	13.5 	14.8 	17.0 	18.2 
PC,ED5-8,Y25-64,T,TR22	8.2 	7.6 	8.1 	9.8 	11.7 	12.8 	13.1 	16.4 b	17.3 	18.1 	18.6 	19.3 
PC,ED5-8,Y25-64,T,TR31	15.4 	18.1 	19.7 	18.7 	18.4 	19.0 	18.9 	19.1 b	20.5 	21.6 	23.7 	25.4 
PC,ED5-8,Y25-64,T,TR32	9.3 	10.0 	10.6 	11.6 	12.4 	11.9 	11.9 	13.8 b	15.4 	16.5 	17.6 	18.3 
PC,ED5-8,Y25-64,T,TR33	6.8 	7.2 	6.8 	8.8 	9.4 	8.1 	8.0 	11.1 b	12.6 	13.6 	13.7 	15.0 
PC,ED5-8,Y25-64,T,TR41	8.8 	10.0 	11.3 	10.2 	11.7 	13.6 	15.2 	15.6 b	17.0 	17.8 	18.8 	20.1 
PC,ED5-8,Y25-64,T,TR42	9.5 	10.2 	9.6 	10.9 	12.4 	13.6 	16.8 	14.8 b	15.9 	17.2 	17.1 	17.5 
PC,ED5-8,Y25-64,T,TR51	20.4 	21.1 	23.7 	23.1 	23.7 	25.5 	25.8 	26.8 b	27.4 	28.6 	28.8 	29.4 
PC,ED5-8,Y25-64,T,TR52	8.2 	9.1 	11.0 	10.8 	10.6 	11.5 	11.5 	12.5 b	13.9 	14.6 	14.7 	14.8 
PC,ED5-8,Y25-64,T,TR61	10.7 	10.5 	10.5 	13.4 	14.8 	14.9 	15.9 	16.4 b	18.2 	20.4 	20.6 	21.4 
PC,ED5-8,Y25-64,T,TR62	10.3 	9.9 	9.2 	10.2 	11.3 	12.8 	12.6 	14.2 b	15.2 	15.6 	16.4 	17.3 
PC,ED5-8,Y25-64,T,TR63	6.9 	6.3 	6.5 	7.0 	8.4 	9.8 	9.1 	9.4 b	11.3 	12.8 	12.1 	12.3 
PC,ED5-8,Y25-64,T,TR71	6.8 	8.8 	9.0 	9.6 	10.0 	12.0 	12.8 	12.0 b	13.2 	12.0 	14.1 	15.1 
PC,ED5-8,Y25-64,T,TR72	8.5 	7.6 	9.4 	10.5 	9.4 	10.6 	14.6 	13.5 b	14.3 	14.8 	15.0 	15.5 
PC,ED5-8,Y25-64,T,TR81	6.1 	6.5 	8.8 	10.1 	10.8 	10.3 	9.6 	10.0 b	10.3 	11.3 	12.5 	14.8 
PC,ED5-8,Y25-64,T,TR82	7.0 	8.1 	9.0 	9.6 	10.7 	10.8 	10.1 	10.5 b	12.1 	12.6 	14.3 	15.9 
PC,ED5-8,Y25-64,T,TR83	9.0 	8.9 	9.8 	10.6 	10.1 	10.6 	10.1 	12.4 b	13.1 	13.6 	14.8 	14.8 
PC,ED5-8,Y25-64,T,TR90	9.6 	8.2 	7.7 	9.2 	10.3 	9.5 	11.3 	12.4 b	14.8 	17.2 	17.0 	16.8 
PC,ED5-8,Y25-64,T,TRA1	8.0 	9.6 	10.4 	9.4 	9.2 	13.0 	13.1 	10.1 b	11.1 	13.8 	16.1 	17.5 
PC,ED5-8,Y25-64,T,TRA2	5.0 	3.7 	5.2 	6.4 	6.7 	8.8 	8.2 	7.7 b	10.2 	8.9 	9.3 	9.4 
PC,ED5-8,Y25-64,T,TRB1	7.0 	6.5 	7.8 	9.8 	11.5 	10.9 	10.8 	15.4 b	16.1 	18.4 	18.1 	17.9 
PC,ED5-8,Y25-64,T,TRB2	4.2 	4.7 	6.5 	6.8 	7.8 	7.8 	7.2 	7.0 b	7.1 	8.2 	8.6 	10.0 
PC,ED5-8,Y25-64,T,TRC1	3.7 	3.9 	4.8 	7.0 	7.0 	7.8 	11.0 	11.1 b	13.3 	14.4 	13.3 	13.4 
PC,ED5-8,Y25-64,T,TRC2	5.1 	3.6 	5.3 	7.8 	7.7 	6.3 	6.9 	7.6 b	8.1 	9.8 	12.0 	11.4 
PC,ED5-8,Y25-64,T,TRC3	4.2 	3.2 	4.5 	6.7 	8.5 	8.9 	7.8 	7.0 b	9.4 	11.3 	11.5 	12.9 
PC,ED5-8,Y25-64,T,UKC1	24.7 b	23.4 b	25.2 	29.4 b	27.9 b	27.6 	27.4 	30.7 b	34.5 	32.7 	32.4 	32.2 
PC,ED5-8,Y25-64,T,UKC2	27.1 b	26.7 b	27.4 	28.8 b	32.2 b	31.5 	31.5 	32.0 b	35.3 	37.6 	36.6 	34.7 
PC,ED5-8,Y25-64,T,UKD1	29.6 b	26.4 b	28.9 	33.2 b	31.3 b	31.7 	34.4 	33.3 b	33.4 	36.2 	33.2 	35.1 
PC,ED5-8,Y25-64,T,UKD3	29.0 b	28.2 b	30.5 	31.4 b	34.1 b	34.8 	36.1 	37.7 b	38.9 	39.4 	38.5 	38.8 
PC,ED5-8,Y25-64,T,UKD4	28.0 b	27.9 b	30.1 	34.1 b	31.7 b	34.9 	32.2 	31.7 b	33.9 	36.8 	37.2 	37.8 
PC,ED5-8,Y25-64,T,UKD6	37.9 b	37.4 b	36.2 	39.4 b	40.6 b	41.4 	43.8 	46.0 b	44.5 	46.8 	48.7 	46.6 
PC,ED5-8,Y25-64,T,UKD7	25.2 b	27.9 b	28.8 	27.2 b	26.9 b	29.4 	30.9 	31.9 b	33.9 	35.7 	35.3 	36.6 
PC,ED5-8,Y25-64,T,UKE1	23.6 b	25.8 b	26.8 	27.5 b	29.3 b	27.9 	29.1 	29.6 b	32.6 	33.8 	33.0 	31.5 
PC,ED5-8,Y25-64,T,UKE2	34.2 b	37.2 b	39.3 	36.2 b	38.6 b	42.8 	44.3 	44.2 b	43.1 	41.7 	43.0 	47.7 
PC,ED5-8,Y25-64,T,UKE3	25.4 b	26.6 b	27.0 	27.1 b	28.0 b	30.2 	30.6 	31.3 b	33.3 	34.1 	36.2 	39.4 
PC,ED5-8,Y25-64,T,UKE4	27.2 b	26.8 b	30.7 	29.9 b	30.4 b	32.8 	34.4 	34.2 b	35.1 	34.7 	35.7 	37.3 
PC,ED5-8,Y25-64,T,UKF1	28.1 b	28.7 b	29.9 	32.3 b	32.7 b	33.0 	35.8 	34.8 b	37.9 	36.8 	35.9 	37.2 
PC,ED5-8,Y25-64,T,UKF2	29.2 b	28.2 b	29.4 	31.0 b	33.4 b	32.0 	36.7 	35.9 b	34.9 	36.7 	38.2 	38.8 
PC,ED5-8,Y25-64,T,UKF3	25.3 b	24.1 b	26.7 	28.4 b	28.6 b	29.1 	31.3 	31.3 b	32.1 	31.7 	33.6 	35.9 
PC,ED5-8,Y25-64,T,UKG1	33.8 b	32.0 b	32.6 	34.4 b	34.3 b	37.8 	40.1 	39.8 b	44.0 	42.8 	40.7 	42.8 
PC,ED5-8,Y25-64,T,UKG2	29.6 b	28.2 b	28.2 	30.0 b	31.8 b	30.5 	31.0 	31.3 b	35.6 	34.4 	35.8 	36.9 
PC,ED5-8,Y25-64,T,UKG3	25.9 b	26.0 b	26.7 	26.4 b	27.3 b	30.0 	29.8 	30.9 b	32.9 	32.5 	32.6 	32.6 
PC,ED5-8,Y25-64,T,UKH1	29.8 b	28.4 b	31.1 	32.6 b	32.2 b	36.7 	37.6 	37.0 b	35.7 	38.0 	38.1 	38.0 
PC,ED5-8,Y25-64,T,UKH2	33.5 b	33.5 b	34.2 	38.0 b	39.7 b	43.5 	41.6 	45.2 b	43.6 	44.9 	45.1 	46.4 
PC,ED5-8,Y25-64,T,UKH3	25.3 b	23.9 b	25.0 	26.2 b	26.8 b	30.6 	31.3 	31.1 b	32.5 	33.6 	35.3 	33.5 
PC,ED5-8,Y25-64,T,UKI1	47.3 b	48.0 b	50.8 	: 	: 	: 	: 	: 	: 	: 	: 	: 
PC,ED5-8,Y25-64,T,UKI2	36.8 b	37.1 b	38.0 	: 	: 	: 	: 	: 	: 	: 	: 	: 
PC,ED5-8,Y25-64,T,UKI3	: 	: 	: 	60.8 b	67.5 b	69.8 	68.2 	69.6 b	69.5 	74.8 	71.7 	71.5 
PC,ED5-8,Y25-64,T,UKI4	: 	: 	: 	51.2 b	54.8 b	58.5 	58.4 	56.1 b	58.1 	59.8 	60.2 	62.6 
PC,ED5-8,Y25-64,T,UKI5	: 	: 	: 	34.6 b	37.9 b	37.7 	42.9 	42.7 b	43.3 	45.9 	45.9 	46.3 
PC,ED5-8,Y25-64,T,UKI6	: 	: 	: 	45.0 b	46.6 b	47.3 	51.7 	50.8 b	55.1 	53.7 	53.8 	52.7 
PC,ED5-8,Y25-64,T,UKI7	: 	: 	: 	41.0 b	49.1 b	51.6 	52.3 	52.4 b	53.1 	55.1 	55.0 	55.9 
PC,ED5-8,Y25-64,T,UKJ1	37.4 b	37.9 b	41.3 	43.4 b	46.3 b	47.4 	48.5 	51.0 b	51.7 	51.5 	53.9 	53.0 
PC,ED5-8,Y25-64,T,UKJ2	38.6 b	37.7 b	39.3 	40.9 b	43.1 b	45.1 	44.2 	45.3 b	46.4 	46.8 	49.3 	50.4 
PC,ED5-8,Y25-64,T,UKJ3	31.0 b	32.2 b	33.1 	35.2 b	38.3 b	40.2 	42.1 	43.5 b	40.8 	40.0 	42.2 	42.9 
PC,ED5-8,Y25-64,T,UKJ4	28.3 b	28.0 b	28.8 	31.6 b	33.1 b	33.0 	35.3 	37.5 b	36.3 	39.3 	36.5 	37.7 
PC,ED5-8,Y25-64,T,UKK1	35.9 b	34.0 b	35.9 	38.1 b	40.7 b	41.1 	40.8 	44.7 b	45.5 	45.8 	47.8 	45.7 
PC,ED5-8,Y25-64,T,UKK2	30.4 b	30.0 b	30.7 	33.8 b	33.9 b	36.5 	38.6 	37.5 b	40.1 	40.7 	39.5 	39.4 
PC,ED5-8,Y25-64,T,UKK3	30.7 b	27.9 b	28.2 	30.3 b	32.6 b	33.2 	32.7 	36.9 b	32.0 	34.8 	41.1 	41.2 
PC,ED5-8,Y25-64,T,UKK4	29.1 b	31.8 b	32.5 	33.9 b	35.2 b	38.1 	35.6 	37.9 b	40.1 	39.9 	41.7 	43.1 
PC,ED5-8,Y25-64,T,UKL1	25.6 b	26.9 b	30.4 	31.4 b	31.7 b	32.0 	33.5 	33.5 b	36.4 	35.4 	35.1 	37.0 
PC,ED5-8,Y25-64,T,UKL2	33.0 b	34.3 b	36.5 	38.4 b	37.5 b	38.7 	40.4 	43.2 b	43.0 	43.5 	44.0 	43.2 
PC,ED5-8,Y25-64,T,UKM2	38.2 b	39.4 b	38.5 	39.7 b	43.2 b	46.1 	: 	: 	: 	: 	: 	: 
PC,ED5-8,Y25-64,T,UKM3	33.9 b	33.2 b	33.3 	34.3 b	40.3 b	39.6 	: 	: 	: 	: 	: 	: 
PC,ED5-8,Y25-64,T,UKM5	37.5 b	38.6 b	38.9 	40.4 b	44.8 b	44.0 	43.5 	47.5 b	52.2 	48.9 	46.6 	46.7 
PC,ED5-8,Y25-64,T,UKM6	36.7 b	35.6 b	40.7 	37.6 b	37.6 b	38.8 	44.8 	44.0 b	42.1 	44.1 	46.3 	44.6 
PC,ED5-8,Y25-64,T,UKM7	: 	: 	: 	: 	: 	: 	48.2 	50.6 b	50.9 	50.9 	51.7 	52.3 
PC,ED5-8,Y25-64,T,UKM8	: 	: 	: 	: 	: 	: 	42.8 	45.4 b	46.0 	48.1 	45.9 	44.4 
PC,ED5-8,Y25-64,T,UKM9	: 	: 	: 	: 	: 	: 	36.5 	40.5 b	40.8 	41.8 	42.0 	43.8 
PC,ED5-8,Y25-64,T,UKN0	29.4 b	30.4 b	28.5 	31.5 b	29.1 b	32.1 	32.5 	34.0 b	33.6 	34.4 	35.6 	37.2 
